ID;REFERENCIA;TIPO;TIPO1;TIPO2;TIPO3;LARGO;ANCHO;STOCK;DESCRIPCION;PNG;DWG
9593d8e1-5dbe-432f-b342-756a2aefb340;EV08N;IMPLASER_B;EVACUACION;10METROS_VISION;PLANA;224;297;True;Lavaojos;IMPLASER_B\EVACUACION\10METROS_VISION\PLANA\EV08N.png;IMPLASER_B\EVACUACION\10METROS_VISION\PLANA\EV08N.dwg
c6b4250f-6165-4d36-b2e9-b199f60aee8d;EV09L;IMPLASER_A;EVACUACION;10METROS_VISION;PLANA;224;224;True;Apoyar para abrir;IMPLASER_A\EVACUACION\10METROS_VISION\PLANA\EV09L.png;IMPLASER_A\EVACUACION\10METROS_VISION\PLANA\EV09L.dwg
e332a13a-6b15-4b36-9d13-12810f9b8dbb;EV09LEV93LEV09L;IMPLASER_A;EVACUACION;10METROS_VISION;SEÑAL_CONJUNTO;0;0;True;Salida de Emergencia + dos Apoyar para abrir;IMPLASER_A\EVACUACION\10METROS_VISION\SEÑAL_CONJUNTO\EV09LEV93LEV09L.png;IMPLASER_A\EVACUACION\10METROS_VISION\SEÑAL_CONJUNTO\EV09LEV93LEV09L.dwg
fa016363-373b-4e95-9a4f-fd851870f361;EV09LEV94LEV09L;IMPLASER_A;EVACUACION;10METROS_VISION;SEÑAL_CONJUNTO;0;0;True;Salida + dos Apoyar para abrir;IMPLASER_A\EVACUACION\10METROS_VISION\SEÑAL_CONJUNTO\EV09LEV94LEV09L.png;IMPLASER_A\EVACUACION\10METROS_VISION\SEÑAL_CONJUNTO\EV09LEV94LEV09L.dwg
ab6b87d2-0dd0-47f9-adf1-b1b4c5b3e7ac;EV09N;IMPLASER_B;EVACUACION;10METROS_VISION;PLANA;224;297;True;Apoyar para abrir;IMPLASER_B\EVACUACION\10METROS_VISION\PLANA\EV09N.png;IMPLASER_B\EVACUACION\10METROS_VISION\PLANA\EV09N.dwg
85a410ae-744a-4a36-9b6e-c5c9c953b211;EV09NEV93NEV09N;IMPLASER_B;EVACUACION;10METROS_VISION;SEÑAL_CONJUNTO;0;0;True;Salida de Emergencia + dos Apoyar para abrir;IMPLASER_B\EVACUACION\10METROS_VISION\SEÑAL_CONJUNTO\EV09NEV93NEV09N.png;IMPLASER_B\EVACUACION\10METROS_VISION\SEÑAL_CONJUNTO\EV09NEV93NEV09N.dwg
3bc077c5-09da-4dbf-a501-1afe6662270d;EV09NEV94NEV09N;IMPLASER_B;EVACUACION;10METROS_VISION;SEÑAL_CONJUNTO;0;0;True;Salida + dos Apoyar para abrir;IMPLASER_B\EVACUACION\10METROS_VISION\SEÑAL_CONJUNTO\EV09NEV94NEV09N.png;IMPLASER_B\EVACUACION\10METROS_VISION\SEÑAL_CONJUNTO\EV09NEV94NEV09N.dwg
244fad05-8626-4bfd-87d6-0424e27c72fb;EV10BL;IMPLASER_A;EVACUACION;10METROS_VISION;BANDEROLA;224;224;False;Punto Reunión;IMPLASER_A\EVACUACION\10METROS_VISION\BANDEROLA\EV10BL.png;IMPLASER_A\EVACUACION\10METROS_VISION\BANDEROLA\EV10BL.dwg
81c907b2-133f-464f-bfd8-49f0b74a997a;EV10BL20M;IMPLASER_A;EVACUACION;20METROS_VISION;BANDEROLA;447;447;False;Punto Reunión 20m;IMPLASER_A\EVACUACION\20METROS_VISION\BANDEROLA\EV10BL20M.png;IMPLASER_A\EVACUACION\20METROS_VISION\BANDEROLA\EV10BL20M.dwg
a8227b43-0d69-4aeb-a39b-6e69c7f175ec;EV10BL30M;IMPLASER_A;EVACUACION;30METROS_VISION;BANDEROLA;670;670;False;Punto Reunión 30m;IMPLASER_A\EVACUACION\30METROS_VISION\BANDEROLA\EV10BL30M.png;IMPLASER_A\EVACUACION\30METROS_VISION\BANDEROLA\EV10BL30M.dwg
07a58d2a-abdf-4c2b-9e75-926608ff0974;EV10BN;IMPLASER_B;EVACUACION;10METROS_VISION;BANDEROLA;224;297;False;Punto Reunión;IMPLASER_B\EVACUACION\10METROS_VISION\BANDEROLA\EV10BN.png;IMPLASER_B\EVACUACION\10METROS_VISION\BANDEROLA\EV10BN.dwg
a15804f1-2daa-4ffe-82cc-09c044dcd7bf;EV10BN20M;IMPLASER_B;EVACUACION;20METROS_VISION;BANDEROLA;447;594;False;Punto Reunión 20m;IMPLASER_B\EVACUACION\20METROS_VISION\BANDEROLA\EV10BN20M.png;IMPLASER_B\EVACUACION\20METROS_VISION\BANDEROLA\EV10BN20M.dwg
a4ce391b-6f4e-4d1a-9341-71b6a3c69fc0;EV10BN30M;IMPLASER_B;EVACUACION;30METROS_VISION;BANDEROLA;670;670;False;Punto Reunión 30m;IMPLASER_B\EVACUACION\30METROS_VISION\BANDEROLA\EV10BN30M.png;IMPLASER_B\EVACUACION\30METROS_VISION\BANDEROLA\EV10BN30M.dwg
a6447944-1760-4500-8db0-99c7e60dad1b;EV10L;IMPLASER_A;EVACUACION;10METROS_VISION;PLANA;224;224;True;Punto Reunión;IMPLASER_A\EVACUACION\10METROS_VISION\PLANA\EV10L.png;IMPLASER_A\EVACUACION\10METROS_VISION\PLANA\EV10L.dwg
9a6dc522-ac40-4f5e-8afc-ab6e09e37c8a;EV10L20M;IMPLASER_A;EVACUACION;20METROS_VISION;PLANA;447;447;False;Punto Reunión 20m;IMPLASER_A\EVACUACION\20METROS_VISION\PLANA\EV10L20M.png;IMPLASER_A\EVACUACION\20METROS_VISION\PLANA\EV10L20M.dwg
be5f66c4-0bcb-41f1-81ee-40d20bdd0ebd;EV10L30M;IMPLASER_A;EVACUACION;30METROS_VISION;PLANA;670;670;False;Punto Reunión 30m;IMPLASER_A\EVACUACION\30METROS_VISION\PLANA\EV10L30M.png;IMPLASER_A\EVACUACION\30METROS_VISION\PLANA\EV10L30M.dwg
abdf9c05-4af0-4171-ae80-667b7e544cbe;EV10N;IMPLASER_B;EVACUACION;10METROS_VISION;PLANA;224;297;True;Punto Reunión;IMPLASER_B\EVACUACION\10METROS_VISION\PLANA\EV10N.png;IMPLASER_B\EVACUACION\10METROS_VISION\PLANA\EV10N.dwg
f8ab3c6b-8705-472f-bb7b-26e5a70b44f2;EV10N20M;IMPLASER_B;EVACUACION;20METROS_VISION;PLANA;447;594;True;Punto Reunión 20m;IMPLASER_B\EVACUACION\20METROS_VISION\PLANA\EV10N20M.png;IMPLASER_B\EVACUACION\20METROS_VISION\PLANA\EV10N20M.dwg
e0a741ff-84c7-4b2c-a1ed-397356d767a8;EV10N30M;IMPLASER_B;EVACUACION;30METROS_VISION;PLANA;670;840;False;Punto Reunión 30m;IMPLASER_B\EVACUACION\30METROS_VISION\PLANA\EV10N30M.png;IMPLASER_B\EVACUACION\30METROS_VISION\PLANA\EV10N30M.dwg
291419e1-2baf-44f7-86ab-901b8d2a1a64;EV10PL;IMPLASER_A;EVACUACION;10METROS_VISION;PANORAMICA;224;224;False;Punto Reunión;IMPLASER_A\EVACUACION\10METROS_VISION\PANORAMICA\EV10PL.png;IMPLASER_A\EVACUACION\10METROS_VISION\PANORAMICA\EV10PL.dwg
49364a29-5330-4ca4-8320-4d1ec63b49d5;EV10PL20M;IMPLASER_A;EVACUACION;20METROS_VISION;PANORAMICA;447;447;False;Punto Reunión 20m;IMPLASER_A\EVACUACION\20METROS_VISION\PANORAMICA\EV10PL20M.png;IMPLASER_A\EVACUACION\20METROS_VISION\PANORAMICA\EV10PL20M.dwg
8bd727ea-7050-4f88-ae43-952db4f02ba5;EV10PL30M;IMPLASER_A;EVACUACION;30METROS_VISION;PANORAMICA;670;670;False;Punto Reunión 30m;IMPLASER_A\EVACUACION\30METROS_VISION\PANORAMICA\EV10PL30M.png;IMPLASER_A\EVACUACION\30METROS_VISION\PANORAMICA\EV10PL30M.dwg
d8ea806b-5589-4509-802d-1c2e2cf35db2;EV10PN;IMPLASER_B;EVACUACION;10METROS_VISION;PANORAMICA;224;224;False;Punto Reunión;IMPLASER_A\EVACUACION\10METROS_VISION\PANORAMICA\EV10PN.png;IMPLASER_A\EVACUACION\10METROS_VISION\PANORAMICA\EV10PN.dwg
a8b91d29-3c3a-46cc-9082-15322e418db4;EV10PN20M;IMPLASER_B;EVACUACION;20METROS_VISION;PANORAMICA;447;594;False;Punto Reunión 20m;IMPLASER_B\EVACUACION\20METROS_VISION\PANORAMICA\EV10PN20M.png;IMPLASER_B\EVACUACION\20METROS_VISION\PANORAMICA\EV10PN20M.dwg
6febc79c-b31b-4852-ae01-2b68fb0edde2;EV10PN30M;IMPLASER_B;EVACUACION;30METROS_VISION;PANORAMICA;670;670;False;Punto Reunión 30m;IMPLASER_B\EVACUACION\30METROS_VISION\PANORAMICA\EV10PN30M.png;IMPLASER_B\EVACUACION\30METROS_VISION\PANORAMICA\EV10PN30M.dwg
b2763c37-9c4a-4f75-bf4d-92aa5484d52e;EV11N;IMPLASER_B;EVACUACION;10METROS_VISION;PLANA;224;297;True;Ducha de Emergencia;IMPLASER_B\EVACUACION\10METROS_VISION\PLANA\EV11N.png;IMPLASER_B\EVACUACION\10METROS_VISION\PLANA\EV11N.dwg
5b306bc0-29e4-4e11-abfb-85eefad08a67;EV12BL;IMPLASER_A;EVACUACION;10METROS_VISION;BANDEROLA;224;224;False;Botiquin;IMPLASER_A\EVACUACION\10METROS_VISION\BANDEROLA\EV12BL.png;IMPLASER_A\EVACUACION\10METROS_VISION\BANDEROLA\EV12BL.dwg
af07da87-1d73-468c-8a92-def2bcb9902f;EV12L;IMPLASER_A;EVACUACION;10METROS_VISION;PLANA;224;224;True;Botiquin;IMPLASER_A\EVACUACION\10METROS_VISION\PLANA\EV12L.png;IMPLASER_A\EVACUACION\10METROS_VISION\PLANA\EV12L.dwg
03de283f-73b7-4cbc-b285-42dde010c7d1;EV12PL;IMPLASER_A;EVACUACION;10METROS_VISION;PANORAMICA;224;224;False;Botiquin;IMPLASER_A\EVACUACION\10METROS_VISION\PANORAMICA\EV12PL.png;IMPLASER_A\EVACUACION\10METROS_VISION\PANORAMICA\EV12PL.dwg
7dfddc19-24b2-4a7e-b6ac-d32cbe4fcfd8;EV19N;IMPLASER_B;EVACUACION;10METROS_VISION;PLANA;210;297;True;Salida Flecha Derecha;IMPLASER_B\EVACUACION\10METROS_VISION\PLANA\EV19N.png;IMPLASER_B\EVACUACION\10METROS_VISION\PLANA\EV19N.dwg
9a23c975-90f5-4f51-9d7e-a3535afdeb90;EV19N20M;IMPLASER_B;EVACUACION;20METROS_VISION;PLANA;297;420;True;Salida Flecha Derecha 20m;IMPLASER_B\EVACUACION\20METROS_VISION\PLANA\EV19N20M.png;IMPLASER_B\EVACUACION\20METROS_VISION\PLANA\EV19N20M.dwg
54fd94b0-ca6a-422d-972d-0f0c0e3a074a;EV20N;IMPLASER_B;EVACUACION;10METROS_VISION;PLANA;210;297;True;Salida Flecha Izquierda;IMPLASER_B\EVACUACION\10METROS_VISION\PLANA\EV20N.png;IMPLASER_B\EVACUACION\10METROS_VISION\PLANA\EV20N.dwg
3b687e72-2bb3-4403-9484-6fc6a79ba932;EV20N20M;IMPLASER_B;EVACUACION;20METROS_VISION;PLANA;297;420;True;Salida Flecha Izquierda 20m;IMPLASER_B\EVACUACION\20METROS_VISION\PLANA\EV20N20M.png;IMPLASER_B\EVACUACION\20METROS_VISION\PLANA\EV20N20M.dwg
89a5fc64-82d6-41af-8a02-4e5d9513f831;EV21N;IMPLASER_B;EVACUACION;10METROS_VISION;PLANA;210;297;True;S.E. Flecha Derecha;IMPLASER_B\EVACUACION\10METROS_VISION\PLANA\EV21N.png;IMPLASER_B\EVACUACION\10METROS_VISION\PLANA\EV21N.dwg
c1e7cbb9-3356-459f-95fb-104f36121845;EV21N20M;IMPLASER_B;EVACUACION;20METROS_VISION;PLANA;297;420;True;S.E. Flecha Derecha 20m;IMPLASER_B\EVACUACION\20METROS_VISION\PLANA\EV21N20M.png;IMPLASER_B\EVACUACION\20METROS_VISION\PLANA\EV21N20M.dwg
117858b3-8eb5-41b8-a0b4-5dfc438d8939;EV22N;IMPLASER_B;EVACUACION;10METROS_VISION;PLANA;210;297;True;S.E. Flecha Derecha;IMPLASER_B\EVACUACION\10METROS_VISION\PLANA\EV22N.png;IMPLASER_B\EVACUACION\10METROS_VISION\PLANA\EV22N.dwg
ec450388-92b3-4e25-b12b-5d3b3b9bba92;EV22N20M;IMPLASER_B;EVACUACION;20METROS_VISION;PLANA;297;420;True;S.E. Flecha Derecha 20m;IMPLASER_B\EVACUACION\20METROS_VISION\PLANA\EV22N20M.png;IMPLASER_B\EVACUACION\20METROS_VISION\PLANA\EV22N20M.dwg
8310486e-1aa4-4082-891d-368849368512;EV25N;IMPLASER_B;EVACUACION;10METROS_VISION;PLANA;224;297;True;Botiquin;IMPLASER_B\EVACUACION\10METROS_VISION\PLANA\EV25N.png;IMPLASER_B\EVACUACION\10METROS_VISION\PLANA\EV25N.dwg
bad23394-a28c-4e79-99a7-e1a32cb3b7c2;EV26L;IMPLASER_A;EVACUACION;10METROS_VISION;PLANA;224;224;True;Flecha Derecha;IMPLASER_A\EVACUACION\10METROS_VISION\PLANA\EV26L.png;IMPLASER_A\EVACUACION\10METROS_VISION\PLANA\EV26L.dwg
0102455d-ed83-4692-a264-8c71a9572a57;EV26L20M;IMPLASER_A;EVACUACION;20METROS_VISION;PLANA;447;447;False;Flecha Derecha 20m;IMPLASER_A\EVACUACION\20METROS_VISION\PLANA\EV26L20M.png;IMPLASER_A\EVACUACION\20METROS_VISION\PLANA\EV26L20M.dwg
3132666b-176d-4ecc-bdab-9aaaf630a545;EV26L30M;IMPLASER_A;EVACUACION;30METROS_VISION;PLANA;670;670;False;Flecha Derecha 30m;IMPLASER_A\EVACUACION\30METROS_VISION\PLANA\EV26L30M.png;IMPLASER_A\EVACUACION\30METROS_VISION\PLANA\EV26L30M.dwg
ad3bd6a0-16fd-4548-8451-01516bc95a24;EV26N;IMPLASER_B;EVACUACION;10METROS_VISION;PLANA;224;224;True;Flecha Derecha;IMPLASER_B\EVACUACION\10METROS_VISION\PLANA\EV26N.png;IMPLASER_B\EVACUACION\10METROS_VISION\PLANA\EV26N.dwg
067367ec-3204-4575-bbd7-f06346e53b7a;EV26N20M;IMPLASER_B;EVACUACION;20METROS_VISION;PLANA;447;447;True;Flecha Derecha 20m;IMPLASER_B\EVACUACION\20METROS_VISION\PLANA\EV26N20M.png;IMPLASER_B\EVACUACION\20METROS_VISION\PLANA\EV26N20M.dwg
001265df-d367-4e66-8781-c8c1df8de5d2;EV26N30M;IMPLASER_B;EVACUACION;30METROS_VISION;PLANA;670;670;False;Flecha Derecha 30m;IMPLASER_B\EVACUACION\30METROS_VISION\PLANA\EV26N30M.png;IMPLASER_B\EVACUACION\30METROS_VISION\PLANA\EV26N30M.dwg
9b951f2d-e76b-42fa-843b-08b5ebb5abb9;EV27L;IMPLASER_A;EVACUACION;10METROS_VISION;PLANA;224;224;True;Flecha Inclinada;IMPLASER_A\EVACUACION\10METROS_VISION\PLANA\EV27L.png;IMPLASER_A\EVACUACION\10METROS_VISION\PLANA\EV27L.dwg
61e0940e-decb-447a-a67d-b3c63988507a;EV27L20M;IMPLASER_A;EVACUACION;20METROS_VISION;PLANA;447;447;False;Flecha Inclinada 20m;IMPLASER_A\EVACUACION\20METROS_VISION\PLANA\EV27L20M.png;IMPLASER_A\EVACUACION\20METROS_VISION\PLANA\EV27L20M.dwg
a0e2066a-6156-4b57-b198-bd56871111ca;EV27L30M;IMPLASER_A;EVACUACION;30METROS_VISION;PLANA;670;670;False;Flecha Inclinada 30m;IMPLASER_A\EVACUACION\30METROS_VISION\PLANA\EV27L30M.png;IMPLASER_A\EVACUACION\30METROS_VISION\PLANA\EV27L30M.dwg
17422270-7033-498c-bfef-95e765aa9891;EV27N;IMPLASER_B;EVACUACION;10METROS_VISION;PLANA;224;224;True;Flecha Inclinada;IMPLASER_B\EVACUACION\10METROS_VISION\PLANA\EV27N.png;IMPLASER_B\EVACUACION\10METROS_VISION\PLANA\EV27N.dwg
daf59462-a733-4d73-93d1-acad7cf8e2d0;EV27N20M;IMPLASER_B;EVACUACION;20METROS_VISION;PLANA;447;447;True;Flecha Inclinada 20m;IMPLASER_B\EVACUACION\20METROS_VISION\PLANA\EV27N20M.png;IMPLASER_B\EVACUACION\20METROS_VISION\PLANA\EV27N20M.dwg
4a2165e5-ca0e-4ba7-bb69-8f5a1a2b3e20;EV27N30M;IMPLASER_B;EVACUACION;30METROS_VISION;PLANA;670;670;False;Flecha Inclinada 30m;IMPLASER_B\EVACUACION\30METROS_VISION\PLANA\EV27N30M.png;IMPLASER_B\EVACUACION\30METROS_VISION\PLANA\EV27N30M.dwg
407234e5-26af-4987-9833-0ddee775d162;EV32N;IMPLASER_B;EVACUACION;10METROS_VISION;PLANA;402;105;True;Salida Fecha Derecha;IMPLASER_B\EVACUACION\10METROS_VISION\PLANA\EV32N.png;IMPLASER_B\EVACUACION\10METROS_VISION\PLANA\EV32N.dwg
7e043fa9-ddbc-48ee-936b-e3d0c2b0e59f;EV33N;IMPLASER_B;EVACUACION;10METROS_VISION;PLANA;402;105;True;Salida Fecha Abajo;IMPLASER_B\EVACUACION\10METROS_VISION\PLANA\EV33N.png;IMPLASER_B\EVACUACION\10METROS_VISION\PLANA\EV33N.dwg
d20bf05e-9b20-43ba-8a7c-44995e9d5deb;EV35N;IMPLASER_B;EVACUACION;10METROS_VISION;PLANA;402;105;True;Salida Fecha Izquierda;IMPLASER_B\EVACUACION\10METROS_VISION\PLANA\EV35N.png;IMPLASER_B\EVACUACION\10METROS_VISION\PLANA\EV35N.dwg
13288f2b-3e5c-4b1c-9f1c-1e674088e7e7;EV42BL;IMPLASER_A;EVACUACION;10METROS_VISION;BANDEROLA;224;224;False;Salida Habitual;IMPLASER_A\EVACUACION\10METROS_VISION\BANDEROLA\EV42BL.png;IMPLASER_A\EVACUACION\10METROS_VISION\BANDEROLA\EV42BL.dwg
664c24a2-eb9b-4778-a5db-f336a66565ec;EV42BL20M;IMPLASER_A;EVACUACION;20METROS_VISION;BANDEROLA;447;447;False;Salida Habitual 20m;IMPLASER_A\EVACUACION\20METROS_VISION\BANDEROLA\EV42BL20M.png;IMPLASER_A\EVACUACION\20METROS_VISION\BANDEROLA\EV42BL20M.dwg
94ad18ec-8b0d-420e-b09a-6bea0cd7b538;EV42BL30M;IMPLASER_A;EVACUACION;30METROS_VISION;BANDEROLA;670;670;False;Salida Habitual 30m;IMPLASER_A\EVACUACION\30METROS_VISION\BANDEROLA\EV42BL30M.png;IMPLASER_A\EVACUACION\30METROS_VISION\BANDEROLA\EV42BL30M.dwg
651461d7-2fae-4789-9bba-55af18ad7782;EV42BN;IMPLASER_B;EVACUACION;10METROS_VISION;BANDEROLA;224;224;False;Salida Habitual;IMPLASER_B\EVACUACION\10METROS_VISION\BANDEROLA\EV42BN.png;IMPLASER_B\EVACUACION\10METROS_VISION\BANDEROLA\EV42BN.dwg
a445d6e4-cb3c-46cc-82ea-e730c35535a1;EV42BN20M;IMPLASER_B;EVACUACION;20METROS_VISION;BANDEROLA;447;447;False;Salida Habitual 20m;IMPLASER_B\EVACUACION\20METROS_VISION\BANDEROLA\EV42BN20M.png;IMPLASER_B\EVACUACION\20METROS_VISION\BANDEROLA\EV42BN20M.dwg
5dbcb236-419c-4b28-ac65-ae003f3ca65a;EV42BN30M;IMPLASER_B;EVACUACION;30METROS_VISION;BANDEROLA;670;670;False;Salida Habitual 30m;IMPLASER_B\EVACUACION\30METROS_VISION\BANDEROLA\EV42BN30M.png;IMPLASER_B\EVACUACION\30METROS_VISION\BANDEROLA\EV42BN30M.dwg
21343a4d-c436-4ac2-bf70-4b88c1cd77b0;EV42L;IMPLASER_A;EVACUACION;10METROS_VISION;PLANA;224;224;True;Salida Habitual;IMPLASER_A\EVACUACION\10METROS_VISION\PLANA\EV42L.png;IMPLASER_A\EVACUACION\10METROS_VISION\PLANA\EV42L.dwg
ea5f245d-6351-4a1f-b74c-ba18c8afef76;EV42L20M;IMPLASER_A;EVACUACION;20METROS_VISION;PLANA;447;447;False;Salida Habitual 20m;IMPLASER_A\EVACUACION\20METROS_VISION\PLANA\EV42L20M.png;IMPLASER_A\EVACUACION\20METROS_VISION\PLANA\EV42L20M.dwg
c90f9c7f-a95d-4c50-9885-07e9b10f9c48;EV42L30M;IMPLASER_A;EVACUACION;30METROS_VISION;PLANA;670;670;False;Salida Habitual 30m;IMPLASER_A\EVACUACION\30METROS_VISION\PLANA\EV42L30M.png;IMPLASER_A\EVACUACION\30METROS_VISION\PLANA\EV42L30M.dwg
2336a5b8-33e5-4c99-8dd6-b43b8ddf8489;EV42N;IMPLASER_B;EVACUACION;10METROS_VISION;PLANA;224;224;True;Salida Habitual;IMPLASER_B\EVACUACION\10METROS_VISION\PLANA\EV42N.png;IMPLASER_B\EVACUACION\10METROS_VISION\PLANA\EV42N.dwg
4b8f69a6-7205-4c5a-acda-9e38ee226da8;EV42N20M;IMPLASER_B;EVACUACION;20METROS_VISION;PLANA;447;447;False;Salida Habitual 20m;IMPLASER_B\EVACUACION\20METROS_VISION\PLANA\EV42N20M.png;IMPLASER_B\EVACUACION\20METROS_VISION\PLANA\EV42N20M.dwg
49631bc4-a0cc-405f-b4f5-977988ab0af5;EV42N30M;IMPLASER_B;EVACUACION;30METROS_VISION;PLANA;670;670;False;Salida Habitual 30m;IMPLASER_B\EVACUACION\30METROS_VISION\PLANA\EV42N30M.png;IMPLASER_B\EVACUACION\30METROS_VISION\PLANA\EV42N30M.dwg
8ac35e93-81a8-43b1-832f-b091d6fccdfc;EV42PL;IMPLASER_A;EVACUACION;10METROS_VISION;PANORAMICA;224;224;False;Salida Habitual;IMPLASER_A\EVACUACION\10METROS_VISION\PANORAMICA\EV42PL.png;IMPLASER_A\EVACUACION\10METROS_VISION\PANORAMICA\EV42PL.dwg
06fd03f2-2406-457f-a19c-a2d43972e7bb;EV42PL20M;IMPLASER_A;EVACUACION;20METROS_VISION;PANORAMICA;447;447;False;Salida Habitual 20m;IMPLASER_A\EVACUACION\20METROS_VISION\PANORAMICA\EV42PL20M.png;IMPLASER_A\EVACUACION\20METROS_VISION\PANORAMICA\EV42PL20M.dwg
91004927-97a2-4971-ac52-297404a95a3f;EV42PL30M;IMPLASER_A;EVACUACION;30METROS_VISION;PANORAMICA;670;670;False;Salida Habitual 30m;IMPLASER_A\EVACUACION\30METROS_VISION\PANORAMICA\EV42PL30M.png;IMPLASER_A\EVACUACION\30METROS_VISION\PANORAMICA\EV42PL30M.dwg
9828cb95-65cb-445d-84a0-e4cfad478b0d;EV42PN;IMPLASER_B;EVACUACION;10METROS_VISION;PANORAMICA;224;224;False;Salida Habitual;IMPLASER_A\EVACUACION\10METROS_VISION\PANORAMICA\EV42PN.png;IMPLASER_A\EVACUACION\10METROS_VISION\PANORAMICA\EV42PN.dwg
c7d97a15-97bd-4f7e-8948-bd9053b8f6e0;EV42PN20M;IMPLASER_B;EVACUACION;20METROS_VISION;PANORAMICA;447;447;False;Salida Habitual 20m;IMPLASER_B\EVACUACION\20METROS_VISION\PANORAMICA\EV42PN20M.png;IMPLASER_B\EVACUACION\20METROS_VISION\PANORAMICA\EV42PN20M.dwg
09f13946-fee8-40b3-b291-1cf8b014d393;EV42PN30M;IMPLASER_B;EVACUACION;30METROS_VISION;PANORAMICA;670;670;False;Salida Habitual 30m;IMPLASER_B\EVACUACION\30METROS_VISION\PANORAMICA\EV42PN30M.png;IMPLASER_B\EVACUACION\30METROS_VISION\PANORAMICA\EV42PN30M.dwg
0548e5ac-9d4c-44e9-b646-a09d28615638;EV53L;IMPLASER_A;EVACUACION;10METROS_VISION;PLANA;320;160;True;Salida Derecha Accesible;IMPLASER_A\EVACUACION\10METROS_VISION\PLANA\EV53L.png;IMPLASER_A\EVACUACION\10METROS_VISION\PLANA\EV53L.dwg
e11b319e-66f1-4328-a03f-e93b2ba3cf25;EV53N;IMPLASER_B;EVACUACION;10METROS_VISION;PLANA;320;160;True;Salida Derecha Accesible;IMPLASER_B\EVACUACION\10METROS_VISION\PLANA\EV53N.png;IMPLASER_B\EVACUACION\10METROS_VISION\PLANA\EV53N.dwg
2167e623-b9a7-408e-84f7-a100a9c24490;EV54L;IMPLASER_A;EVACUACION;10METROS_VISION;PLANA;320;160;True;Salida Izquierda Accesible;IMPLASER_A\EVACUACION\10METROS_VISION\PLANA\EV54L.png;IMPLASER_A\EVACUACION\10METROS_VISION\PLANA\EV54L.dwg
ef965b02-a2d2-4efe-9bea-234721b62182;EV54N;IMPLASER_B;EVACUACION;10METROS_VISION;PLANA;320;160;True;Salida Izquierda Accesible;IMPLASER_B\EVACUACION\10METROS_VISION\PLANA\EV54N.png;IMPLASER_B\EVACUACION\10METROS_VISION\PLANA\EV54N.dwg
214b59ec-9e18-4f04-8693-32e83a966e0c;EV55BL;IMPLASER_A;EVACUACION;10METROS_VISION;BANDEROLA;320;160;False;Recorrido derecha;IMPLASER_A\EVACUACION\10METROS_VISION\BANDEROLA\EV55BL.png;IMPLASER_A\EVACUACION\10METROS_VISION\BANDEROLA\EV55BL.dwg
453536ce-44c3-4164-8c1d-55680b36674c;EV55BL20M;IMPLASER_A;EVACUACION;20METROS_VISION;BANDEROLA;632;316;False;Recorrido derecha 20m;IMPLASER_A\EVACUACION\20METROS_VISION\BANDEROLA\EV55BL20M.png;IMPLASER_A\EVACUACION\20METROS_VISION\BANDEROLA\EV55BL 20M.dwg
cc33ae0b-c36c-4ed4-b4e2-14ab53c4085a;EV55BN;IMPLASER_B;EVACUACION;10METROS_VISION;BANDEROLA;320;160;False;Recorrido derecha;IMPLASER_B\EVACUACION\10METROS_VISION\BANDEROLA\EV55BN.png;IMPLASER_B\EVACUACION\10METROS_VISION\BANDEROLA\EV55BN.dwg
cd5a4aaf-d23f-4106-baba-c1131e8a160e;EV55BN20M;IMPLASER_B;EVACUACION;20METROS_VISION;BANDEROLA;632;316;False;Recorrido derecha 20m;IMPLASER_B\EVACUACION\20METROS_VISION\BANDEROLA\EV55BN20M.png;IMPLASER_B\EVACUACION\20METROS_VISION\BANDEROLA\EV55BN20M.dwg
13234805-18d5-436a-961f-a0fdbe66d2ce;EV55BTL;IMPLASER_A;EVACUACION;10METROS_VISION;BANDEROLA_TECHO;320;160;False;Recorrido derecha;IMPLASER_A\EVACUACION\10METROS_VISION\BANDEROLA_TECHO\EV55BTL.png;IMPLASER_A\EVACUACION\10METROS_VISION\BANDEROLA_TECHO\EV55BTL.dwg
d88ea614-304a-4f34-a23c-f371bde4f8dc;EV55BTN;IMPLASER_B;EVACUACION;10METROS_VISION;BANDEROLA_TECHO;320;160;False;Recorrido derecha;IMPLASER_B\EVACUACION\10METROS_VISION\BANDEROLA_TECHO\EV55BTN.png;IMPLASER_B\EVACUACION\10METROS_VISION\BANDEROLA_TECHO\EV55BTN.dwg
be805372-c0dd-4934-abbf-5bc7e2511cd8;EV55L;IMPLASER_A;EVACUACION;10METROS_VISION;PLANA;320;160;True;Recorrido derecha;IMPLASER_A\EVACUACION\10METROS_VISION\PLANA\EV55L.png;IMPLASER_A\EVACUACION\10METROS_VISION\PLANA\EV55L.dwg
7bc8b8c6-4eb4-4eee-90c0-762a3b9334d1;EV55L20M;IMPLASER_A;EVACUACION;20METROS_VISION;PLANA;632;316;True;Recorrido derecha 20m;IMPLASER_A\EVACUACION\20METROS_VISION\PLANA\EV55L20M.png;IMPLASER_A\EVACUACION\20METROS_VISION\PLANA\EV55L20M.dwg
4e6123aa-0ea4-4d4d-bfe5-0eff92e63c10;EV55L30M;IMPLASER_A;EVACUACION;30METROS_VISION;PLANA;948;474;False;Recorrido derecha30m;IMPLASER_A\EVACUACION\30METROS_VISION\PLANA\EV55L30M.png;IMPLASER_A\EVACUACION\30METROS_VISION\PLANA\EV55L30M.dwg
3e5b3ebb-b170-434b-b006-83c8b9d3e56b;EV55N;IMPLASER_B;EVACUACION;10METROS_VISION;PLANA;320;160;True;Recorrido derecha;IMPLASER_B\EVACUACION\10METROS_VISION\PLANA\EV55N.png;IMPLASER_B\EVACUACION\10METROS_VISION\PLANA\EV55N.dwg
f485037c-bdee-4fbf-8405-fa2ecf485aed;EV55N20M;IMPLASER_B;EVACUACION;20METROS_VISION;PLANA;632;316;True;Recorrido derecha 20m;IMPLASER_B\EVACUACION\20METROS_VISION\PLANA\EV55N20M.png;IMPLASER_B\EVACUACION\20METROS_VISION\PLANA\EV55N20M.dwg
4a1a8313-9eb3-46d2-ae52-00d0a6947b0e;EV55N30M;IMPLASER_B;EVACUACION;30METROS_VISION;PLANA;948;474;False;Recorrido derecha 30m;IMPLASER_B\EVACUACION\30METROS_VISION\PLANA\EV55N30M.png;IMPLASER_B\EVACUACION\30METROS_VISION\PLANA\EV55N30M.dwg
3beb3cfe-adab-4ab1-8559-31d618ee284d;EV56BL;IMPLASER_A;EVACUACION;10METROS_VISION;BANDEROLA;320;160;False;Recorrido izquierda;IMPLASER_A\EVACUACION\10METROS_VISION\BANDEROLA\EV56BL.png;IMPLASER_A\EVACUACION\10METROS_VISION\BANDEROLA\EV56BL.dwg
fceb2d64-e9f1-49a4-ac36-dc322b216840;EV56BL20M;IMPLASER_A;EVACUACION;20METROS_VISION;BANDEROLA;632;316;False;Recorrido izquierda 20m;IMPLASER_A\EVACUACION\20METROS_VISION\BANDEROLA\EV56BL20M.png;IMPLASER_A\EVACUACION\20METROS_VISION\BANDEROLA\EV56BL20M.dwg
8acbf0f4-65d7-45ab-95ed-db983a2cd55e;EV56BN;IMPLASER_B;EVACUACION;10METROS_VISION;BANDEROLA;320;160;False;Recorrido izquierda;IMPLASER_B\EVACUACION\10METROS_VISION\BANDEROLA\EV56BN.png;IMPLASER_B\EVACUACION\10METROS_VISION\BANDEROLA\EV56BN.dwg
7bb8252b-da6f-428a-a24a-fa5396d93f1f;EV56BN20M;IMPLASER_B;EVACUACION;20METROS_VISION;BANDEROLA;632;316;False;Recorrido izquierda 20m;IMPLASER_B\EVACUACION\20METROS_VISION\BANDEROLA\EV56BN20M.png;IMPLASER_B\EVACUACION\20METROS_VISION\BANDEROLA\EV56BN20M.dwg
15d6e9c2-59e1-4e2d-ad8c-ad4315d4f3f0;EV56BTL;IMPLASER_A;EVACUACION;10METROS_VISION;BANDEROLA_TECHO;320;160;False;Recorrido izquierda;IMPLASER_A\EVACUACION\10METROS_VISION\BANDEROLA_TECHO\EV56BTL.png;IMPLASER_A\EVACUACION\10METROS_VISION\BANDEROLA_TECHO\EV56BTL.dwg
90bb047c-bf7b-403f-a64f-5a6ac19036e7;EV56BTN;IMPLASER_B;EVACUACION;10METROS_VISION;BANDEROLA_TECHO;320;160;False;Recorrido izquierda;IMPLASER_B\EVACUACION\10METROS_VISION\BANDEROLA_TECHO\EV56BTN.png;IMPLASER_B\EVACUACION\10METROS_VISION\BANDEROLA_TECHO\EV56BTN.dwg
d16d895a-dace-4b15-ba92-7274c5c370e8;EV56L;IMPLASER_A;EVACUACION;10METROS_VISION;PLANA;320;160;True;Recorrido izquierda;IMPLASER_A\EVACUACION\10METROS_VISION\PLANA\EV56L.png;IMPLASER_A\EVACUACION\10METROS_VISION\PLANA\EV56L.dwg
64011f66-d824-48bf-8d67-628a7f0d10c6;EV56L20M;IMPLASER_A;EVACUACION;20METROS_VISION;PLANA;632;316;True;Recorrido izquierda 20m;IMPLASER_A\EVACUACION\20METROS_VISION\PLANA\EV56L20M.png;IMPLASER_A\EVACUACION\20METROS_VISION\PLANA\EV56L20M.dwg
73eeedb0-b100-4c7e-9d5e-647a5ede8a72;EV56L30M;IMPLASER_A;EVACUACION;30METROS_VISION;PLANA;948;474;False;Recorrido izquierda 30m;IMPLASER_A\EVACUACION\30METROS_VISION\PLANA\EV56L30M.png;IMPLASER_A\EVACUACION\30METROS_VISION\PLANA\EV56L30M.dwg
12b860e4-4ab8-4618-b360-cad7b2e6fb8d;EV56N;IMPLASER_B;EVACUACION;10METROS_VISION;PLANA;320;160;True;Recorrido izquierda;IMPLASER_B\EVACUACION\10METROS_VISION\PLANA\EV56N.png;IMPLASER_B\EVACUACION\10METROS_VISION\PLANA\EV56N.dwg
59035d21-6c8c-448e-be67-864daeaeb558;EV56N20M;IMPLASER_B;EVACUACION;20METROS_VISION;PLANA;632;316;True;Recorrido izquierda 20m;IMPLASER_B\EVACUACION\20METROS_VISION\PLANA\EV56N20M.png;IMPLASER_B\EVACUACION\20METROS_VISION\PLANA\EV56N20M.dwg
867695a7-f726-4aa9-b5c6-54a4eb019350;EV56N30M;IMPLASER_B;EVACUACION;30METROS_VISION;PLANA;948;474;False;Recorrido izquierda 30m;IMPLASER_B\EVACUACION\30METROS_VISION\PLANA\EV56N30M.png;IMPLASER_B\EVACUACION\30METROS_VISION\PLANA\EV56N30M.dwg
50d2105d-2f1d-4759-aa7f-d3b1d24f5175;EV57L;IMPLASER_A;EVACUACION;10METROS_VISION;PLANA;320;160;True;Recorrido abajo;IMPLASER_A\EVACUACION\10METROS_VISION\PLANA\EV57L.png;IMPLASER_A\EVACUACION\10METROS_VISION\PLANA\EV57L.dwg
c4d2c51c-a0aa-449a-868b-04222d1735ea;EV57L20M;IMPLASER_A;EVACUACION;20METROS_VISION;PLANA;632;316;True;Recorrido abajo 20m;IMPLASER_A\EVACUACION\20METROS_VISION\PLANA\EV57L20M.png;IMPLASER_A\EVACUACION\20METROS_VISION\PLANA\EV57L20M.dwg
90e2f127-53dc-46be-8eac-a51d5a38f9a0;EV57L30M;IMPLASER_A;EVACUACION;30METROS_VISION;PLANA;948;474;False;Recorrido abajo 30m;IMPLASER_A\EVACUACION\30METROS_VISION\PLANA\EV57L30M.png;IMPLASER_A\EVACUACION\30METROS_VISION\PLANA\EV57L30M.dwg
5ea52819-70dd-4375-a9ce-9111f12df35b;EV57N;IMPLASER_B;EVACUACION;10METROS_VISION;PLANA;320;160;True;Recorrido abajo;IMPLASER_B\EVACUACION\10METROS_VISION\PLANA\EV57N.png;IMPLASER_B\EVACUACION\10METROS_VISION\PLANA\EV57N.dwg
45514cde-dd6a-485f-98f5-e818d6fe38b1;EV57N20M;IMPLASER_B;EVACUACION;20METROS_VISION;PLANA;632;316;True;Recorrido abajo 20m;IMPLASER_B\EVACUACION\20METROS_VISION\PLANA\EV57N20M.png;IMPLASER_B\EVACUACION\20METROS_VISION\PLANA\EV57N20M.dwg
9ccb2389-a76d-46b1-9ebb-1c1d63ceabde;EV57N30M;IMPLASER_B;EVACUACION;30METROS_VISION;PLANA;948;474;False;Recorrido abajo 30m;IMPLASER_B\EVACUACION\30METROS_VISION\PLANA\EV57N30M.png;IMPLASER_B\EVACUACION\30METROS_VISION\PLANA\EV57N30M.dwg
440ca54d-fb3a-4e04-9b17-37ca2428d61d;EV58BL;IMPLASER_A;EVACUACION;10METROS_VISION;BANDEROLA;320;160;False;Salida Escalera Descendente Dcha;IMPLASER_A\EVACUACION\10METROS_VISION\BANDEROLA\EV58BL.png;IMPLASER_A\EVACUACION\10METROS_VISION\BANDEROLA\EV58BL.dwg
5d0d33ba-234f-4afc-b333-358f03f5ce7a;EV58BN;IMPLASER_B;EVACUACION;10METROS_VISION;BANDEROLA;320;160;False;Salida Escalera Descendente Dcha;IMPLASER_B\EVACUACION\10METROS_VISION\BANDEROLA\EV58BN.png;IMPLASER_B\EVACUACION\10METROS_VISION\BANDEROLA\EV58BN.dwg
382964a8-de38-4869-8841-13b05d274444;EV58BTL;IMPLASER_A;EVACUACION;10METROS_VISION;BANDEROLA_TECHO;320;160;False;Salida Escalera Descendente Dcha;IMPLASER_A\EVACUACION\10METROS_VISION\BANDEROLA_TECHO\EV58BTL.png;IMPLASER_A\EVACUACION\10METROS_VISION\BANDEROLA_TECHO\EV58BTL.dwg
c730fd84-642a-4aef-a763-e0ea7db3315b;EV58BTN;IMPLASER_B;EVACUACION;10METROS_VISION;BANDEROLA_TECHO;320;160;False;Salida Escalera Descendente Dcha;IMPLASER_B\EVACUACION\10METROS_VISION\BANDEROLA_TECHO\EV58BTN.png;IMPLASER_B\EVACUACION\10METROS_VISION\BANDEROLA_TECHO\EV58BTN.dwg
5d5b9fae-43f6-49b0-9017-86be6f7124b4;EV58L;IMPLASER_A;EVACUACION;10METROS_VISION;PLANA;320;160;True;Salida Escalera Descendente Dcha;IMPLASER_A\EVACUACION\10METROS_VISION\PLANA\EV58L.png;IMPLASER_A\EVACUACION\10METROS_VISION\PLANA\EV58L.dwg
39a840a0-578d-4443-bb2f-538377d61c1e;EV58N;IMPLASER_B;EVACUACION;10METROS_VISION;PLANA;320;160;True;Salida Escalera Descendente Dcha;IMPLASER_B\EVACUACION\10METROS_VISION\PLANA\EV58N.png;IMPLASER_B\EVACUACION\10METROS_VISION\PLANA\EV58N.dwg
33151371-c565-4c36-8a67-0cac9b410bdc;EV59BL;IMPLASER_A;EVACUACION;10METROS_VISION;BANDEROLA;320;160;False;Salida Escalera Descendente Izq;IMPLASER_A\EVACUACION\10METROS_VISION\BANDEROLA\EV59BL.png;IMPLASER_A\EVACUACION\10METROS_VISION\BANDEROLA\EV59BL.dwg
03f0bfc3-9093-459e-a83a-02e72a6117c6;EV59BN;IMPLASER_B;EVACUACION;10METROS_VISION;BANDEROLA;320;160;False;Salida Escalera Descendente Izq;IMPLASER_B\EVACUACION\10METROS_VISION\BANDEROLA\EV59BN.png;IMPLASER_B\EVACUACION\10METROS_VISION\BANDEROLA\EV59BN.dwg
525e6e03-bf5c-41a9-9311-3797913e18eb;EV59BTL;IMPLASER_A;EVACUACION;10METROS_VISION;BANDEROLA_TECHO;320;160;False;Salida Escalera Descendente Izq;IMPLASER_A\EVACUACION\10METROS_VISION\BANDEROLA_TECHO\EV59BTL.png;IMPLASER_A\EVACUACION\10METROS_VISION\BANDEROLA_TECHO\EV59BTL.dwg
37c4fbe6-8441-45f6-95a6-d4d7693c3dc5;EV59BTN;IMPLASER_B;EVACUACION;10METROS_VISION;BANDEROLA_TECHO;320;160;False;Salida Escalera Descendente Izq;IMPLASER_B\EVACUACION\10METROS_VISION\BANDEROLA_TECHO\EV59BTN.png;IMPLASER_B\EVACUACION\10METROS_VISION\BANDEROLA_TECHO\EV59BTN.dwg
7c963545-c5e4-48c8-8c4c-7f1827ec423b;EV59L;IMPLASER_A;EVACUACION;10METROS_VISION;PLANA;320;160;True;Salida Escalera Descendente Izq;IMPLASER_A\EVACUACION\10METROS_VISION\PLANA\EV59L.png;IMPLASER_A\EVACUACION\10METROS_VISION\PLANA\EV59L.dwg
d0267b90-1224-4754-ac51-5ef6e8ff705d;EV59N;IMPLASER_B;EVACUACION;10METROS_VISION;PLANA;320;160;True;Salida Escalera Descendente Izq;IMPLASER_B\EVACUACION\10METROS_VISION\PLANA\EV59N.png;IMPLASER_B\EVACUACION\10METROS_VISION\PLANA\EV59N.dwg
e8723313-5760-47fd-9252-36f2484b4ce3;EV60BL;IMPLASER_A;EVACUACION;10METROS_VISION;BANDEROLA;320;160;False;Salida Escalera Ascendente Izq;IMPLASER_A\EVACUACION\10METROS_VISION\BANDEROLA\EV60BL.png;IMPLASER_A\EVACUACION\10METROS_VISION\BANDEROLA\EV60BL.dwg
b53a9d08-f4aa-4968-b859-f09f55d03fe7;EV60BN;IMPLASER_B;EVACUACION;10METROS_VISION;BANDEROLA;320;160;False;Salida Escalera Ascendente Izq;IMPLASER_B\EVACUACION\10METROS_VISION\BANDEROLA\EV60BN.png;IMPLASER_B\EVACUACION\10METROS_VISION\BANDEROLA\EV60BN.dwg
dac166e6-445e-49a9-bada-a867a06cf0fb;EV60BTL;IMPLASER_A;EVACUACION;10METROS_VISION;BANDEROLA_TECHO;320;160;False;Salida Escalera Ascendente Izq;IMPLASER_A\EVACUACION\10METROS_VISION\BANDEROLA_TECHO\EV60BTL.png;IMPLASER_A\EVACUACION\10METROS_VISION\BANDEROLA_TECHO\EV60BTL.dwg
b4f73a65-76d8-4bed-9b02-37d3d49ada6c;EV60BTN;IMPLASER_B;EVACUACION;10METROS_VISION;BANDEROLA_TECHO;320;160;False;Salida Escalera Ascendente Izq;IMPLASER_B\EVACUACION\10METROS_VISION\BANDEROLA_TECHO\EV60BTN.png;IMPLASER_B\EVACUACION\10METROS_VISION\BANDEROLA_TECHO\EV60BTN.dwg
8ea503c3-3567-4052-b1c2-581da28d81a4;EV60L;IMPLASER_A;EVACUACION;10METROS_VISION;PLANA;320;160;True;Salida Escalera Ascendente Izq;IMPLASER_A\EVACUACION\10METROS_VISION\PLANA\EV60L.png;IMPLASER_A\EVACUACION\10METROS_VISION\PLANA\EV60L.dwg
97ecaac1-4787-472e-a3f8-6f7898e79f9f;EV60N;IMPLASER_B;EVACUACION;10METROS_VISION;PLANA;320;160;True;Salida Escalera Ascendente Izq;IMPLASER_B\EVACUACION\10METROS_VISION\PLANA\EV60N.png;IMPLASER_B\EVACUACION\10METROS_VISION\PLANA\EV60N.dwg
857ec20e-0312-45c9-9800-f877ee506c3b;EV61BL;IMPLASER_A;EVACUACION;10METROS_VISION;BANDEROLA;320;160;False;Salida Escalera Ascendente Dcha;IMPLASER_A\EVACUACION\10METROS_VISION\BANDEROLA\EV61BL.png;IMPLASER_A\EVACUACION\10METROS_VISION\BANDEROLA\EV61BL.dwg
bce68fad-3c13-4e97-9c5b-9001aca16c2e;EV61BN;IMPLASER_B;EVACUACION;10METROS_VISION;BANDEROLA;320;160;False;Salida Escalera Ascendente Dcha;IMPLASER_B\EVACUACION\10METROS_VISION\BANDEROLA\EV61BN.png;IMPLASER_B\EVACUACION\10METROS_VISION\BANDEROLA\EV61BN.dwg
d3c758d9-b706-4704-b1e3-78f9e2baa894;EV61BTL;IMPLASER_A;EVACUACION;10METROS_VISION;BANDEROLA_TECHO;320;160;False;Salida Escalera Ascendente Dcha;IMPLASER_A\EVACUACION\10METROS_VISION\BANDEROLA_TECHO\EV61BTL.png;IMPLASER_A\EVACUACION\10METROS_VISION\BANDEROLA_TECHO\EV61BTL.dwg
9247ba05-8e93-4433-afd5-f454f749a178;EV61BTN;IMPLASER_B;EVACUACION;10METROS_VISION;BANDEROLA_TECHO;320;160;False;Salida Escalera Ascendente Dcha;IMPLASER_B\EVACUACION\10METROS_VISION\BANDEROLA_TECHO\EV61BTN.png;IMPLASER_B\EVACUACION\10METROS_VISION\BANDEROLA_TECHO\EV61BTN.dwg
f19bded2-d7dd-4098-b9a9-04b54151677c;EV61L;IMPLASER_A;EVACUACION;10METROS_VISION;PLANA;320;160;True;Salida Escalera Ascendente Dcha;IMPLASER_A\EVACUACION\10METROS_VISION\PLANA\EV61L.png;IMPLASER_A\EVACUACION\10METROS_VISION\PLANA\EV61L.dwg
cd6c8218-5cfb-4f90-a374-ce576653fc8e;EV61N;IMPLASER_B;EVACUACION;10METROS_VISION;PLANA;320;160;True;Salida Escalera Ascendente Dcha;IMPLASER_B\EVACUACION\10METROS_VISION\PLANA\EV61N.png;IMPLASER_B\EVACUACION\10METROS_VISION\PLANA\EV61N.dwg
70357fb1-e92e-4f81-b70d-98bba7c245e7;EV62BL;IMPLASER_A;EVACUACION;10METROS_VISION;BANDEROLA;445;148;False;Salida Emergencia Flecha;IMPLASER_A\EVACUACION\10METROS_VISION\BANDEROLA\EV62BL.png;IMPLASER_A\EVACUACION\10METROS_VISION\BANDEROLA\EV62BL.dwg
5cb2b621-faa1-4381-96bf-5562d0dd8cd9;EV62BN;IMPLASER_B;EVACUACION;10METROS_VISION;BANDEROLA;445;148;False;Salida Emergencia Flecha;IMPLASER_B\EVACUACION\10METROS_VISION\BANDEROLA\EV62BN.png;IMPLASER_B\EVACUACION\10METROS_VISION\BANDEROLA\EV62BN.dwg
8f0dc525-b15c-4034-8382-d94605a2a41a;EV62L;IMPLASER_A;EVACUACION;10METROS_VISION;PLANA;445;148;True;Salida Emergencia Flecha;IMPLASER_A\EVACUACION\10METROS_VISION\PLANA\EV62L.png;IMPLASER_A\EVACUACION\10METROS_VISION\PLANA\EV62L.dwg
5bce608a-49b8-4d8f-a475-a2477bf75a61;EV62L20M;IMPLASER_A;EVACUACION;20METROS_VISION;PLANA;630;210;False;Salida Emergencia Flecha 20m;IMPLASER_A\EVACUACION\20METROS_VISION\PLANA\EV62L20M.png;IMPLASER_A\EVACUACION\20METROS_VISION\PLANA\EV62L20M.dwg
a170969c-ee4f-4501-856a-43819cee702b;EV62N;IMPLASER_B;EVACUACION;10METROS_VISION;PLANA;445;148;True;Salida Emergencia Flecha;IMPLASER_B\EVACUACION\10METROS_VISION\PLANA\EV62N.png;IMPLASER_B\EVACUACION\10METROS_VISION\PLANA\EV62N.dwg
3ec0a15c-366d-4eec-a991-e2d1730fe143;EV62N20M;IMPLASER_B;EVACUACION;20METROS_VISION;PLANA;630;210;False;Salida Emergencia Flecha 20m;IMPLASER_B\EVACUACION\20METROS_VISION\PLANA\EV62N20M.png;IMPLASER_B\EVACUACION\20METROS_VISION\PLANA\EV62N20M.dwg
3d7352c3-c547-42c7-a45d-943831429599;EV65BL;IMPLASER_A;EVACUACION;10METROS_VISION;BANDEROLA;402;105;False;Salida Flecha;IMPLASER_A\EVACUACION\10METROS_VISION\BANDEROLA\EV65BL.png;IMPLASER_A\EVACUACION\10METROS_VISION\BANDEROLA\EV65BL.dwg
1876a366-5911-493b-8bbb-a00706f83a4b;EV65BN;IMPLASER_B;EVACUACION;10METROS_VISION;BANDEROLA;402;105;False;Salida Flecha;IMPLASER_B\EVACUACION\10METROS_VISION\BANDEROLA\EV65BN.png;IMPLASER_B\EVACUACION\10METROS_VISION\BANDEROLA\EV65BN.dwg
a51ef1f6-8247-4a5a-9ccb-7ce5cb1a1aa0;EV65L;IMPLASER_A;EVACUACION;10METROS_VISION;PLANA;402;105;True;Salida Flecha;IMPLASER_A\EVACUACION\10METROS_VISION\PLANA\EV65L.png;IMPLASER_A\EVACUACION\10METROS_VISION\PLANA\EV65L.dwg
e863f571-41af-44af-96ed-7fe812f06ee7;EV65L20M;IMPLASER_A;EVACUACION;20METROS_VISION;PLANA;568;148;False;Salida Flecha 20m;IMPLASER_A\EVACUACION\20METROS_VISION\PLANA\EV65L20M.png;IMPLASER_A\EVACUACION\20METROS_VISION\PLANA\EV65L20M.dwg
3e44a3d9-eee0-457c-8787-15c2ad74fac5;EV65N;IMPLASER_B;EVACUACION;10METROS_VISION;PLANA;402;105;True;Salida Flecha;IMPLASER_B\EVACUACION\10METROS_VISION\PLANA\EV65N.png;IMPLASER_B\EVACUACION\10METROS_VISION\PLANA\EV65N.dwg
416bb5ef-7a56-447d-93d4-4324b868fbcf;EV65N20M;IMPLASER_B;EVACUACION;20METROS_VISION;PLANA;568;148;False;Salida Flecha 20m;IMPLASER_B\EVACUACION\20METROS_VISION\PLANA\EV65N20M.png;IMPLASER_B\EVACUACION\20METROS_VISION\PLANA\EV65N20M.dwg
4134c64f-9e18-4052-96a8-1cbde53d83c0;EV68BL;IMPLASER_A;EVACUACION;10METROS_VISION;BANDEROLA;224;224;True;Pictograma S.E.;IMPLASER_A\EVACUACION\10METROS_VISION\BANDEROLA\EV68BL.png;IMPLASER_A\EVACUACION\10METROS_VISION\BANDEROLA\EV68BL.dwg
c5198753-f03d-4fd8-8f40-595cd5f213a0;EV68BL20M;IMPLASER_A;EVACUACION;20METROS_VISION;BANDEROLA;447;447;False;Pictograma S.E. 20m;IMPLASER_A\EVACUACION\20METROS_VISION\BANDEROLA\EV68BL20M.png;IMPLASER_A\EVACUACION\20METROS_VISION\BANDEROLA\EV68BL20M.dwg
45ad9bf5-8c3e-418a-836f-4ad701169cdf;EV68BL30M;IMPLASER_A;EVACUACION;30METROS_VISION;BANDEROLA;670;670;False;Pictograma S.E. 30m;IMPLASER_A\EVACUACION\30METROS_VISION\BANDEROLA\EV68BL30M.png;IMPLASER_A\EVACUACION\30METROS_VISION\BANDEROLA\EV68BL30M.dwg
9c057ab7-1c57-4ccd-a377-f2e4c41873ce;EV68BN;IMPLASER_B;EVACUACION;10METROS_VISION;BANDEROLA;224;224;True;Pictograma S.E.;IMPLASER_B\EVACUACION\10METROS_VISION\BANDEROLA\EV68BN.png;IMPLASER_B\EVACUACION\10METROS_VISION\BANDEROLA\EV68BN.dwg
3ca363d4-b92e-48b3-8c3b-2aa3d11efcea;EV68BN20M;IMPLASER_B;EVACUACION;20METROS_VISION;BANDEROLA;447;447;False;Pictograma S.E. 20m;IMPLASER_B\EVACUACION\20METROS_VISION\BANDEROLA\EV68BN20M.png;IMPLASER_B\EVACUACION\20METROS_VISION\BANDEROLA\EV68BN20M.dwg
4318591f-223f-4cb8-bf35-ad480baa74f1;EV68BN30M;IMPLASER_B;EVACUACION;30METROS_VISION;BANDEROLA;670;670;False;Pictograma S.E. 30m;IMPLASER_B\EVACUACION\30METROS_VISION\BANDEROLA\EV68BN30M.png;IMPLASER_B\EVACUACION\30METROS_VISION\BANDEROLA\EV68BN30M.dwg
04c9259f-4dbd-47bf-a063-173804ed5495;EV68L;IMPLASER_A;EVACUACION;10METROS_VISION;PLANA;224;224;True;Pictograma S.E.;IMPLASER_A\EVACUACION\10METROS_VISION\PLANA\EV68L.png;IMPLASER_A\EVACUACION\10METROS_VISION\PLANA\EV68L.dwg
f5d04544-a82f-47e0-97f0-b666f018f6b0;EV68L20M;IMPLASER_A;EVACUACION;20METROS_VISION;PLANA;447;447;False;Pictograma S.E. 20m;IMPLASER_A\EVACUACION\20METROS_VISION\PLANA\EV68L20M.png;IMPLASER_A\EVACUACION\20METROS_VISION\PLANA\EV68L20M.dwg
11867923-3b60-480d-8319-b604a61de5ae;EV68L30M;IMPLASER_A;EVACUACION;30METROS_VISION;PLANA;670;670;False;Pictograma S.E. 30m;IMPLASER_A\EVACUACION\30METROS_VISION\PLANA\EV68L30M.png;IMPLASER_A\EVACUACION\30METROS_VISION\PLANA\EV68L30M.dwg
a375e70c-6f32-4bae-b2b4-25db2cf77ea4;EV68N;IMPLASER_B;EVACUACION;10METROS_VISION;PLANA;224;224;True;Pictograma S.E.;IMPLASER_B\EVACUACION\10METROS_VISION\PLANA\EV68N.png;IMPLASER_B\EVACUACION\10METROS_VISION\PLANA\EV68N.dwg
68d40071-d9eb-4d03-bcc0-6194f9c05c38;EV68N20M;IMPLASER_B;EVACUACION;20METROS_VISION;PLANA;447;447;True;Pictograma S.E. 20m;IMPLASER_B\EVACUACION\20METROS_VISION\PLANA\EV68N20M.png;IMPLASER_B\EVACUACION\20METROS_VISION\PLANA\EV68N20M.dwg
bd020804-1601-40b8-a007-98f8942c9b2e;EV68N30M;IMPLASER_B;EVACUACION;30METROS_VISION;PLANA;670;670;True;Pictograma S.E. 30m;IMPLASER_B\EVACUACION\30METROS_VISION\PLANA\EV68N30M.png;IMPLASER_B\EVACUACION\30METROS_VISION\PLANA\EV68N30M.dwg
32d9ae64-3f7a-4d89-a8b8-b3497e98fc9d;EV68PL;IMPLASER_A;EVACUACION;10METROS_VISION;PANORAMICA;224;224;True;Pictograma S.E.;IMPLASER_A\EVACUACION\10METROS_VISION\PANORAMICA\EV68PL.png;IMPLASER_A\EVACUACION\10METROS_VISION\PANORAMICA\EV68PL.dwg
95b1bf0d-7983-46f1-8383-980d322b9f05;EV68PL20M;IMPLASER_A;EVACUACION;20METROS_VISION;PANORAMICA;447;447;False;Pictograma S.E. 20m;IMPLASER_A\EVACUACION\20METROS_VISION\PANORAMICA\EV68PL20M.png;IMPLASER_A\EVACUACION\20METROS_VISION\PANORAMICA\EV68PL20M.dwg
3d999129-ff06-431b-8004-3953d55cb33f;EV68PL30M;IMPLASER_A;EVACUACION;30METROS_VISION;PANORAMICA;670;670;False;Pictograma S.E. 30m;IMPLASER_A\EVACUACION\30METROS_VISION\PANORAMICA\EV68PL30M.png;IMPLASER_A\EVACUACION\30METROS_VISION\PANORAMICA\EV68PL30M.dwg
b5d5099a-d40c-4b7c-8b41-e061dcab984a;EV68PN;IMPLASER_B;EVACUACION;10METROS_VISION;PANORAMICA;224;224;True;Pictograma S.E.;IMPLASER_A\EVACUACION\10METROS_VISION\PANORAMICA\EV68PN.png;IMPLASER_A\EVACUACION\10METROS_VISION\PANORAMICA\EV68PN.dwg
45044055-0eb7-4b6b-b98f-0126d8c66138;EV68PN20M;IMPLASER_B;EVACUACION;20METROS_VISION;PANORAMICA;447;447;False;Pictograma S.E. 20m;IMPLASER_B\EVACUACION\20METROS_VISION\PANORAMICA\EV68PN20M.png;IMPLASER_B\EVACUACION\20METROS_VISION\PANORAMICA\EV68PN20M.dwg
10d3dfad-ac5a-426e-91b4-0d97b4da9718;EV68PN30M;IMPLASER_B;EVACUACION;30METROS_VISION;PANORAMICA;670;670;False;Pictograma S.E. 30m;IMPLASER_B\EVACUACION\30METROS_VISION\PANORAMICA\EV68PN30M.png;IMPLASER_B\EVACUACION\30METROS_VISION\PANORAMICA\EV68PN30M.dwg
c8daebea-224a-499d-89d2-78b027538a5a;EV69BL;IMPLASER_A;EVACUACION;10METROS_VISION;BANDEROLA;224;224;True;Pictograma S.E.;IMPLASER_A\EVACUACION\10METROS_VISION\BANDEROLA\EV69BL.png;IMPLASER_A\EVACUACION\10METROS_VISION\BANDEROLA\EV69BL.dwg
a6cc14be-7650-49c0-8882-f67b174aed17;EV69BN;IMPLASER_B;EVACUACION;10METROS_VISION;BANDEROLA;224;224;True;Pictograma S.E.;IMPLASER_B\EVACUACION\10METROS_VISION\BANDEROLA\EV69BN.png;IMPLASER_B\EVACUACION\10METROS_VISION\BANDEROLA\EV69BN.dwg
07c5ace6-46f6-4ff3-a3e0-79285cff3a9b;EV69L;IMPLASER_A;EVACUACION;10METROS_VISION;PLANA;224;224;True;Pictograma S.E.;IMPLASER_A\EVACUACION\10METROS_VISION\PLANA\EV69L.png;IMPLASER_A\EVACUACION\10METROS_VISION\PLANA\EV69L.dwg
e3a91fa7-97f2-4de4-9ae5-e2dabba31a78;EV69N;IMPLASER_B;EVACUACION;10METROS_VISION;PLANA;224;224;True;Pictograma S.E.;IMPLASER_B\EVACUACION\10METROS_VISION\PLANA\EV69N.png;IMPLASER_B\EVACUACION\10METROS_VISION\PLANA\EV69N.dwg
5c7e2905-e0de-408d-b3d9-4108cc394569;EV69PL;IMPLASER_A;EVACUACION;10METROS_VISION;PANORAMICA;224;224;True;Pictograma S.E.;IMPLASER_A\EVACUACION\10METROS_VISION\PANORAMICA\EV69PL.png;IMPLASER_A\EVACUACION\10METROS_VISION\PANORAMICA\EV69PL.dwg
fa973258-e0f6-4509-81c6-45cbd56606f4;EV69PN;IMPLASER_B;EVACUACION;10METROS_VISION;PANORAMICA;224;224;True;Pictograma S.E.;IMPLASER_A\EVACUACION\10METROS_VISION\PANORAMICA\EV69PN.png;IMPLASER_A\EVACUACION\10METROS_VISION\PANORAMICA\EV69PN.dwg
0175c343-3a77-4672-b14d-48a7bab59178;EV74N;IMPLASER_B;EVACUACION;10METROS_VISION;PLANA;297;210;True;Salida-Exit;IMPLASER_B\EVACUACION\10METROS_VISION\PLANA\EV74N.png;IMPLASER_B\EVACUACION\10METROS_VISION\PLANA\EV74N.dwg
f84f0e21-e102-4bb5-a29c-ffe4e5211f7a;EV75N;IMPLASER_B;EVACUACION;10METROS_VISION;PLANA;297;210;True;S.E.-Emergency Exit;IMPLASER_B\EVACUACION\10METROS_VISION\PLANA\EV75N.png;IMPLASER_B\EVACUACION\10METROS_VISION\PLANA\EV75N.dwg
e4a9d735-00c8-4000-959c-5bf9bfd6ac2c;EV80L;IMPLASER_A;EVACUACION;10METROS_VISION;PLANA;100;240;True;Manilla Dcha;IMPLASER_A\EVACUACION\10METROS_VISION\PLANA\EV80L.png;IMPLASER_A\EVACUACION\10METROS_VISION\PLANA\EV80L.dwg
a7e2a942-9776-4965-8d41-343cdaa9a79d;EV81L;IMPLASER_A;EVACUACION;10METROS_VISION;PLANA;100;240;True;Manilla Izq;IMPLASER_A\EVACUACION\10METROS_VISION\PLANA\EV81L.png;IMPLASER_A\EVACUACION\10METROS_VISION\PLANA\EV81L.dwg
d7cf9072-f2d6-45de-9af0-242840d28c58;EV93BL20M;IMPLASER_A;EVACUACION;20METROS_VISION;BANDEROLA;420;210;False;Salida Emergencia 20m;IMPLASER_A\EVACUACION\20METROS_VISION\BANDEROLA\EV93BL20M.png;IMPLASER_A\EVACUACION\20METROS_VISION\BANDEROLA\EV93BL20M.dwg
59a3b1fb-cd80-470d-b4f9-9cc2e87c1744;EV93BL30M;IMPLASER_A;EVACUACION;30METROS_VISION;BANDEROLA;594;297;False;Salida de Emergencia 30m;IMPLASER_A\EVACUACION\30METROS_VISION\BANDEROLA\EV93BL30M.png;IMPLASER_A\EVACUACION\30METROS_VISION\BANDEROLA\EV93BL30M.dwg
1de596e5-f75c-4165-909e-369f2171d64e;EV93BN;IMPLASER_B;EVACUACION;10METROS_VISION;BANDEROLA;420;148;False;Salida con marco;IMPLASER_B\EVACUACION\10METROS_VISION\BANDEROLA\EV93BN.png;IMPLASER_B\EVACUACION\10METROS_VISION\BANDEROLA\EV93BN.dwg
3266b016-6663-4ce3-81e7-2bd47b0e3266;EV93BN20M;IMPLASER_B;EVACUACION;20METROS_VISION;BANDEROLA;420;210;False;Salida Emergencia 20m;IMPLASER_B\EVACUACION\20METROS_VISION\BANDEROLA\EV93BN20M.png;IMPLASER_B\EVACUACION\20METROS_VISION\BANDEROLA\EV93BN20M.dwg
67a1eee9-9712-45b0-a96f-893c8762aa5e;EV93BN30M;IMPLASER_B;EVACUACION;30METROS_VISION;BANDEROLA;594;297;False;Salida de Emergencia 30m;IMPLASER_B\EVACUACION\30METROS_VISION\BANDEROLA\EV93BN30M.png;IMPLASER_B\EVACUACION\30METROS_VISION\BANDEROLA\EV93BN30M.dwg
a5d27558-4b17-4f3b-8d3d-f6cf429fb790;EV93L;IMPLASER_A;EVACUACION;10METROS_VISION;PLANA;297;148;True;Salida de Emergencia;IMPLASER_A\EVACUACION\10METROS_VISION\PLANA\EV93L.png;IMPLASER_A\EVACUACION\10METROS_VISION\PLANA\EV93L.dwg
e63a0424-8c00-4c32-86c1-dbbdcf00e15c;EV93L20M;IMPLASER_A;EVACUACION;20METROS_VISION;PLANA;420;210;True;Salida de Emergencia 20m;IMPLASER_A\EVACUACION\20METROS_VISION\PLANA\EV93L20M.png;IMPLASER_A\EVACUACION\20METROS_VISION\PLANA\EV93L20M.dwg
c26a4523-1f56-4f58-8c3f-b3723bd2f131;EV93L30M;IMPLASER_A;EVACUACION;30METROS_VISION;PLANA;594;210;False;Salida de Emergencia 30m;IMPLASER_A\EVACUACION\30METROS_VISION\PLANA\EV93L30M.png;IMPLASER_A\EVACUACION\30METROS_VISION\PLANA\EV93L30M.dwg
47e9dc29-73f5-4a5d-abf0-1ad2fe4cfd73;EV93LEV09L;IMPLASER_A;EVACUACION;10METROS_VISION;SEÑAL_CONJUNTO;0;0;True;Salida de Emergencia + Apoyar para abrir;IMPLASER_A\EVACUACION\10METROS_VISION\SEÑAL_CONJUNTO\EV93LEV09L.png;IMPLASER_A\EVACUACION\10METROS_VISION\SEÑAL_CONJUNTO\EV93LEV09L.dwg
a64313d3-66c9-4424-9092-1a41241f6e52;EV93LEX25L;IMPLASER_A;EVACUACION;10METROS_VISION;SEÑAL_CONJUNTO;0;0;True;Salida de Emergencia + Prohibido pasar;IMPLASER_A\EVACUACION\10METROS_VISION\SEÑAL_CONJUNTO\EV93LEX25L.png;IMPLASER_A\EVACUACION\10METROS_VISION\SEÑAL_CONJUNTO\EV93LEX25L.dwg
05033a6e-62b9-4df2-a7ac-89a6cbdfe658;EV93N;IMPLASER_B;EVACUACION;10METROS_VISION;PLANA;297;148;True;Salida de Emergencia;IMPLASER_B\EVACUACION\10METROS_VISION\PLANA\EV93N.png;IMPLASER_B\EVACUACION\10METROS_VISION\PLANA\EV93N.dwg
50d271a0-aef0-4117-acc5-7ed825480b62;EV93N20M;IMPLASER_B;EVACUACION;20METROS_VISION;PLANA;420;210;True;Salida de Emergencia con marco 20m;IMPLASER_B\EVACUACION\20METROS_VISION\PLANA\EV93N20M.png;IMPLASER_B\EVACUACION\20METROS_VISION\PLANA\EV93N20M.dwg
a9aa60e3-797e-4acf-9631-4f98696d25f7;EV93N30M;IMPLASER_B;EVACUACION;30METROS_VISION;PLANA;594;210;False;Salida de Emergencia 30m;IMPLASER_B\EVACUACION\30METROS_VISION\PLANA\EV93N30M.png;IMPLASER_B\EVACUACION\30METROS_VISION\PLANA\EV93N30M.dwg
95c5659a-2aad-49e0-899b-02a772e3f90d;EV93NEV09N;IMPLASER_B;EVACUACION;10METROS_VISION;SEÑAL_CONJUNTO;0;0;True;Salida de Emergencia + Apoyar para abrir;IMPLASER_B\EVACUACION\10METROS_VISION\SEÑAL_CONJUNTO\EV93NEV09N.png;IMPLASER_B\EVACUACION\10METROS_VISION\SEÑAL_CONJUNTO\EV93NEV09N.dwg
4ebc7292-0e23-4f07-a194-82b02903e5ee;EV93NEX25N;IMPLASER_B;EVACUACION;10METROS_VISION;SEÑAL_CONJUNTO;0;0;True;Salida de Emergencia + Prohibido pasar;IMPLASER_B\EVACUACION\10METROS_VISION\SEÑAL_CONJUNTO\EV93NEX25N.png;IMPLASER_B\EVACUACION\10METROS_VISION\SEÑAL_CONJUNTO\EV93NEX25N.dwg
fadda82c-a815-43e4-addb-71442745ba2a;EV94BL20M;IMPLASER_A;EVACUACION;20METROS_VISION;BANDEROLA;420;148;False;Salida 20m;IMPLASER_A\EVACUACION\20METROS_VISION\BANDEROLA\EV94BL20M.png;IMPLASER_A\EVACUACION\20METROS_VISION\BANDEROLA\EV94BL20M.dwg
f225ea3e-3f11-41fb-b81d-bd4da7f66a58;EV94BL30M;IMPLASER_A;EVACUACION;30METROS_VISION;BANDEROLA;594;210;False;Salida  30m;IMPLASER_A\EVACUACION\30METROS_VISION\BANDEROLA\EV94BL30M.png;IMPLASER_A\EVACUACION\30METROS_VISION\BANDEROLA\EV94BL30M.dwg
8d0c4f2a-0017-44be-8c9f-48555bf246cb;EV94BN;IMPLASER_B;EVACUACION;10METROS_VISION;BANDEROLA;297;148;False;Salida de Emergencia con marco;IMPLASER_B\EVACUACION\10METROS_VISION\BANDEROLA\EV94BN.png;IMPLASER_B\EVACUACION\10METROS_VISION\BANDEROLA\EV94BN.dwg
8efd9dda-69fe-4212-9248-5e4f1ee38125;EV94BN20M;IMPLASER_B;EVACUACION;20METROS_VISION;BANDEROLA;420;148;False;Salida 20m;IMPLASER_B\EVACUACION\20METROS_VISION\BANDEROLA\EV94BN20M.png;IMPLASER_B\EVACUACION\20METROS_VISION\BANDEROLA\EV94BN20M.dwg
76034f7a-f2f8-46f3-ac0c-10463f6ebe23;EV94BN30M;IMPLASER_B;EVACUACION;30METROS_VISION;BANDEROLA;594;210;False;Salida  30m;IMPLASER_B\EVACUACION\30METROS_VISION\BANDEROLA\EV94BN30M.png;IMPLASER_B\EVACUACION\30METROS_VISION\BANDEROLA\EV94BN30M.dwg
24f8ce64-ead7-405a-9f64-9ece5681be5f;EV94L;IMPLASER_A;EVACUACION;10METROS_VISION;PLANA;297;105;True;Salida;IMPLASER_A\EVACUACION\10METROS_VISION\PLANA\EV94L.png;IMPLASER_A\EVACUACION\10METROS_VISION\PLANA\EV94L.dwg
4639a7cc-d97e-4cf7-bfb1-7a46ae8de0fa;EV94L20M;IMPLASER_A;EVACUACION;20METROS_VISION;PLANA;420;148;True;Salida  20m;IMPLASER_A\EVACUACION\20METROS_VISION\PLANA\EV94L20M.png;IMPLASER_A\EVACUACION\20METROS_VISION\PLANA\EV94L20M.dwg
9f5e2ab3-7b89-4bb1-889e-e77f83d9314d;EV94L30M;IMPLASER_A;EVACUACION;30METROS_VISION;PLANA;420;148;False;Salida  30m;IMPLASER_A\EVACUACION\30METROS_VISION\PLANA\EV94L30M.png;IMPLASER_A\EVACUACION\30METROS_VISION\PLANA\EV94L30M.dwg
b377beda-f711-4fc3-a9d0-dc05515b0204;EV94LEV09L;IMPLASER_A;EVACUACION;10METROS_VISION;SEÑAL_CONJUNTO;0;0;True;Salida + Apoyar para abrir;IMPLASER_A\EVACUACION\10METROS_VISION\SEÑAL_CONJUNTO\EV94LEV09L.png;IMPLASER_A\EVACUACION\10METROS_VISION\SEÑAL_CONJUNTO\EV94LEV09L.dwg
49939c0a-b5c9-4989-9d77-f85ac5b9c228;EV94LEX25L;IMPLASER_A;EXTINCION;10METROS_VISION;SEÑAL_CONJUNTO;0;0;True;Salida + Prohibido pasar;IMPLASER_A\EXTINCION\10METROS_VISION\SEÑAL_CONJUNTO\EV94LEX25L.png;IMPLASER_A\EXTINCION\10METROS_VISION\SEÑAL_CONJUNTO\EV94LEX25L.dwg
3de0fcd7-99f3-4e37-a7fa-e4402136189e;EV94N;IMPLASER_B;EVACUACION;10METROS_VISION;PLANA;297;105;True;Salida;IMPLASER_B\EVACUACION\10METROS_VISION\PLANA\EV94N.png;IMPLASER_B\EVACUACION\10METROS_VISION\PLANA\EV94N.dwg
b002f9b8-9e99-461b-b7d1-d067f97e6c94;EV94N20M;IMPLASER_B;EVACUACION;20METROS_VISION;PLANA;420;148;True;Salida con marco 20m;IMPLASER_B\EVACUACION\20METROS_VISION\PLANA\EV94N20M.png;IMPLASER_B\EVACUACION\20METROS_VISION\PLANA\EV94N20M.dwg
d862411a-064f-4ee6-8391-d6ee5be66512;EV94N30M;IMPLASER_B;EVACUACION;30METROS_VISION;PLANA;420;148;False;Salida  30m;IMPLASER_B\EVACUACION\30METROS_VISION\PLANA\EV94N30M.png;IMPLASER_B\EVACUACION\30METROS_VISION\PLANA\EV94N30M.dwg
3121274b-126f-467d-9d42-41af246a2e89;EV94NEV09N;IMPLASER_B;EVACUACION;10METROS_VISION;SEÑAL_CONJUNTO;0;0;True;Salida + Apoyar para abrir;IMPLASER_B\EVACUACION\10METROS_VISION\SEÑAL_CONJUNTO\EV94NEV09N.png;IMPLASER_B\EVACUACION\10METROS_VISION\SEÑAL_CONJUNTO\EV94NEV09N.dwg
bfbebfef-e831-441e-8339-ff7b79b524e0;EV94NEX25N;IMPLASER_B;EVACUACION;10METROS_VISION;SEÑAL_CONJUNTO;0;0;True;Salida + Prohibido pasar;IMPLASER_B\EVACUACION\10METROS_VISION\SEÑAL_CONJUNTO\EV94NEX25N.png;IMPLASER_B\EVACUACION\10METROS_VISION\SEÑAL_CONJUNTO\EV94NEX25N.dwg
39a06003-ef81-4c35-9518-4274ef49d0b7;EX01BL;IMPLASER_A;EXTINCION;10METROS_VISION;BANDEROLA;210;210;True;Extintor;IMPLASER_A\EXTINCION\10METROS_VISION\BANDEROLA\EX01BL.png;IMPLASER_A\EXTINCION\10METROS_VISION\BANDEROLA\EX01BL.dwg
a38d8741-8605-45eb-b3db-5642a93e977a;EX01BL20M;IMPLASER_A;EXTINCION;20METROS_VISION;BANDEROLA;420;420;False;Extintor 20m;IMPLASER_A\EXTINCION\20METROS_VISION\BANDEROLA\EX01BL20M.png;IMPLASER_A\EXTINCION\20METROS_VISION\BANDEROLA\EX01BL20M.dwg
a43a7f2b-4522-45f9-af46-2f6a99ec2334;EX01BL30M;IMPLASER_A;EXTINCION;30METROS_VISION;BANDEROLA;594;594;False;Extintor 30m;IMPLASER_A\EXTINCION\30METROS_VISION\BANDEROLA\EX01BL30M.png;IMPLASER_A\EXTINCION\30METROS_VISION\BANDEROLA\EX01BL30M.dwg
29c95221-4d63-4577-a78a-f7a6163d085f;EX01BN;IMPLASER_B;EXTINCION;10METROS_VISION;BANDEROLA;297;210;True;Extintor;IMPLASER_B\EXTINCION\10METROS_VISION\BANDEROLA\EX01BN.png;IMPLASER_B\EXTINCION\10METROS_VISION\BANDEROLA\EX01BN.dwg
9ea6fef7-6963-4b3b-9617-8fc6be819182;EX01BN20M;IMPLASER_B;EXTINCION;20METROS_VISION;BANDEROLA;420;420;False;Extintor 20m;IMPLASER_B\EXTINCION\20METROS_VISION\BANDEROLA\EX01BN20M.png;IMPLASER_B\EXTINCION\20METROS_VISION\BANDEROLA\EX01BN20M.dwg
29dc9b09-f697-4eb4-b7d4-5a3ccf17c311;EX01BN30M;IMPLASER_B;EXTINCION;30METROS_VISION;BANDEROLA;594;594;False;Extintor 30m;IMPLASER_B\EXTINCION\30METROS_VISION\BANDEROLA\EX01BN30M.png;IMPLASER_B\EXTINCION\30METROS_VISION\BANDEROLA\EX01BN30M.dwg
78354181-519f-414e-8f7b-610c2bc13e10;EX01L;IMPLASER_A;EXTINCION;10METROS_VISION;PLANA;210;210;True;Extintor;IMPLASER_A\EXTINCION\10METROS_VISION\PLANA\EX01L.png;IMPLASER_A\EXTINCION\10METROS_VISION\PLANA\EX01L.dwg
e478a456-f033-4d87-837f-7f7cc953b803;EX01L20M;IMPLASER_A;EXTINCION;20METROS_VISION;PLANA;420;420;True;Extintor 20m;IMPLASER_A\EXTINCION\20METROS_VISION\PLANA\EX01L20M.png;IMPLASER_A\EXTINCION\20METROS_VISION\PLANA\EX01L20M.dwg
188c2790-8ea8-420f-9359-e56866068695;EX01L30M;IMPLASER_A;EXTINCION;30METROS_VISION;PLANA;594;594;False;Extintor 30m;IMPLASER_A\EXTINCION\30METROS_VISION\PLANA\EX01L30M.png;IMPLASER_A\EXTINCION\30METROS_VISION\PLANA\EX01L30M.dwg
82efe43e-5c4d-40db-b879-49857a1d6af6;EX01LEX04L;IMPLASER_A;EXTINCION;10METROS_VISION;SEÑAL_CONJUNTO;0;0;True;Extintor + BIE;IMPLASER_A\EXTINCION\10METROS_VISION\SEÑAL_CONJUNTO\EX01LEX04L.png;IMPLASER_A\EXTINCION\10METROS_VISION\SEÑAL_CONJUNTO\EX01LEX04L.dwg
18f9b574-8e1a-4b70-8ea9-73a2dabcb014;EX01LEX04LEX09L;IMPLASER_A;EXTINCION;10METROS_VISION;SEÑAL_CONJUNTO;0;0;True;Extintor + BIE + Pulsador;IMPLASER_A\EXTINCION\10METROS_VISION\SEÑAL_CONJUNTO\EX01LEX04LEX09L.png;IMPLASER_A\EXTINCION\10METROS_VISION\SEÑAL_CONJUNTO\EX01LEX04LEX09L.dwg
21b75c1d-92fc-4827-82a2-cf6947ac7480;EX01LEX09L;IMPLASER_A;EXTINCION;10METROS_VISION;SEÑAL_CONJUNTO;0;0;True;Extintor + Pulsador;IMPLASER_A\EXTINCION\10METROS_VISION\SEÑAL_CONJUNTO\EX01LEX09L.png;IMPLASER_A\EXTINCION\10METROS_VISION\SEÑAL_CONJUNTO\EX01LEX09L.dwg
7c876b95-63e7-4471-8a1e-4413a9737187;EX01N;IMPLASER_B;EXTINCION;10METROS_VISION;PLANA;210;297;True;Extintor;IMPLASER_B\EXTINCION\10METROS_VISION\PLANA\EX01N.png;IMPLASER_B\EXTINCION\10METROS_VISION\PLANA\EX01N.dwg
ed6a7268-dc52-41ab-b67c-22651ddde051;EX01N20M;IMPLASER_B;EXTINCION;20METROS_VISION;PLANA;420;420;True;Extintor 20m;IMPLASER_B\EXTINCION\20METROS_VISION\PLANA\EX01N20M.png;IMPLASER_B\EXTINCION\20METROS_VISION\PLANA\EX01N20M.dwg
154296fe-0b4f-465d-8e56-c433aee49f67;EX01N21X21;IMPLASER_B;EXTINCION;10METROS_VISION;PLANA;210;210;True;Extintor sin texto;IMPLASER_B\EXTINCION\10METROS_VISION\PLANA\EX01N21X21.png;IMPLASER_B\EXTINCION\10METROS_VISION\PLANA\EX01N21X21.dwg
0337a4e1-0bb0-4910-b563-7cd7751b0a9b;EX01N30M;IMPLASER_B;EXTINCION;30METROS_VISION;PLANA;594;594;False;Extintor 30m;IMPLASER_B\EXTINCION\30METROS_VISION\PLANA\EX01N30M.png;IMPLASER_B\EXTINCION\30METROS_VISION\PLANA\EX01N30M.dwg
40e9b168-987f-4a8d-ae72-e768c89f28d0;EX01NEX04N;IMPLASER_B;EXTINCION;10METROS_VISION;SEÑAL_CONJUNTO;0;0;True;Extintor + BIE;IMPLASER_B\EXTINCION\10METROS_VISION\SEÑAL_CONJUNTO\EX01NEX04N.png;IMPLASER_B\EXTINCION\10METROS_VISION\SEÑAL_CONJUNTO\EX01NEX04N.dwg
ba0b1fa7-dc5f-413b-8b53-a1ac59c1cda6;EX01NEX04NEX09N;IMPLASER_B;EXTINCION;10METROS_VISION;SEÑAL_CONJUNTO;0;0;True;Extintor + BIE + Pulsador;IMPLASER_B\EXTINCION\10METROS_VISION\SEÑAL_CONJUNTO\EX01NEX04NEX09N.png;IMPLASER_B\EXTINCION\10METROS_VISION\SEÑAL_CONJUNTO\EX01NEX04NEX09N.dwg
b0375026-a2e5-4808-940f-73011f229a8c;EX01NEX09N;IMPLASER_B;EXTINCION;10METROS_VISION;SEÑAL_CONJUNTO;0;0;True;Extintor + Pulsador;IMPLASER_B\EXTINCION\10METROS_VISION\SEÑAL_CONJUNTO\EX01NEX09N.png;IMPLASER_B\EXTINCION\10METROS_VISION\SEÑAL_CONJUNTO\EX01NEX09N.dwg
6620125a-175a-4d1b-81e9-386f0d026baf;EX01PL;IMPLASER_A;EXTINCION;10METROS_VISION;PANORAMICA;210;210;True;Extintor;IMPLASER_A\EXTINCION\10METROS_VISION\PANORAMICA\EX01PL.png;IMPLASER_A\EXTINCION\10METROS_VISION\PANORAMICA\EX01PL.dwg
3fe41ac7-765e-4c34-9931-783ac661fdfd;EX01PL20M;IMPLASER_A;EXTINCION;20METROS_VISION;PANORAMICA;420;420;False;Extintor 20m;IMPLASER_A\EXTINCION\20METROS_VISION\PANORAMICA\EX01PL20M.png;IMPLASER_A\EXTINCION\20METROS_VISION\PANORAMICA\EX01PL20M.dwg
1601d3a5-f012-4ea7-900d-3f46994cbeb0;EX01PL30M;IMPLASER_A;EXTINCION;30METROS_VISION;PANORAMICA;594;594;False;Extintor 30m;IMPLASER_A\EXTINCION\30METROS_VISION\PANORAMICA\EX01PL30M.png;IMPLASER_A\EXTINCION\30METROS_VISION\PANORAMICA\EX01PL30M.dwg
6ff7137b-7b6b-4327-9ebd-28b6ada6bd8b;EX01PN;IMPLASER_B;EXTINCION;10METROS_VISION;PANORAMICA;297;210;True;Extintor;IMPLASER_B\EXTINCION\10METROS_VISION\PANORAMICA\EX01PN.png;IMPLASER_B\EXTINCION\10METROS_VISION\PANORAMICA\EX01PN.dwg
480d96d8-357f-402e-b27e-86f8925e979f;EX01PN20M;IMPLASER_B;EXTINCION;20METROS_VISION;PANORAMICA;420;420;False;Extintor 20m;IMPLASER_B\EXTINCION\20METROS_VISION\PANORAMICA\EX01PN20M.png;IMPLASER_B\EXTINCION\20METROS_VISION\PANORAMICA\EX01PN20M.dwg
d71e3c66-b8ea-47f5-8c20-da9111273714;EX01PN30M;IMPLASER_B;EXTINCION;30METROS_VISION;PANORAMICA;594;594;False;Extintor 30m;IMPLASER_B\EXTINCION\30METROS_VISION\PANORAMICA\EX01PN30M.png;IMPLASER_B\EXTINCION\30METROS_VISION\PANORAMICA\EX01PN30M.dwg
a691befd-b897-485c-b372-4f23a232f082;EX02N;IMPLASER_B;EXTINCION;10METROS_VISION;PLANA;210;297;True;Extintor Flecha Dcha;IMPLASER_B\EXTINCION\10METROS_VISION\PLANA\EX02N.png;IMPLASER_B\EXTINCION\10METROS_VISION\PLANA\EX02N.dwg
6fdc26e3-fec7-4c04-af6d-a0f34162c815;EX03N;IMPLASER_B;EXTINCION;10METROS_VISION;PLANA;210;297;True;Extintor Flecha Izq;IMPLASER_B\EXTINCION\10METROS_VISION\PLANA\EX03N.png;IMPLASER_B\EXTINCION\10METROS_VISION\PLANA\EX03N.dwg
c18d2b3c-9e24-4966-a91a-0ed738f0c13d;EX04BL;IMPLASER_A;EXTINCION;10METROS_VISION;BANDEROLA;210;210;True;Boca Incendio;IMPLASER_A\EXTINCION\10METROS_VISION\BANDEROLA\EX04BL.png;IMPLASER_A\EXTINCION\10METROS_VISION\BANDEROLA\EX04BL.dwg
4cb1ec75-1062-45c8-b940-981eb1a65d63;EX04BL20M;IMPLASER_A;EXTINCION;20METROS_VISION;BANDEROLA;420;420;False;Boca Incendio 20m;IMPLASER_A\EXTINCION\20METROS_VISION\BANDEROLA\EX04BL20M.png;IMPLASER_A\EXTINCION\20METROS_VISION\BANDEROLA\EX04BL20M.dwg
1e2b9601-0b13-497f-986f-7b28aecd5b78;EX04BL30M;IMPLASER_A;EXTINCION;30METROS_VISION;BANDEROLA;594;594;False;Boca Incendio 30m;IMPLASER_A\EXTINCION\30METROS_VISION\BANDEROLA\EX04BL30M.png;IMPLASER_A\EXTINCION\30METROS_VISION\BANDEROLA\EX04BL30M.dwg
3d9661db-6d6c-4e1f-869c-70e52052a498;EX04BN;IMPLASER_B;EXTINCION;10METROS_VISION;BANDEROLA;210;297;True;Boca Incendio;IMPLASER_B\EXTINCION\10METROS_VISION\BANDEROLA\EX04BN.png;IMPLASER_B\EXTINCION\10METROS_VISION\BANDEROLA\EX04BN.dwg
d3ac61f3-3e4c-435f-a052-748eb4cd146e;EX04BN20M;IMPLASER_B;EXTINCION;20METROS_VISION;BANDEROLA;420;420;False;Boca Incendio 20m;IMPLASER_B\EXTINCION\20METROS_VISION\BANDEROLA\EX04BN20M.png;IMPLASER_B\EXTINCION\20METROS_VISION\BANDEROLA\EX04BN20M.dwg
dd93d174-bdd4-44ef-8e9c-671aecb9e665;EX04BN30M;IMPLASER_B;EXTINCION;30METROS_VISION;BANDEROLA;594;594;False;Boca Incendio 30m;IMPLASER_B\EXTINCION\30METROS_VISION\BANDEROLA\EX04BN30M.png;IMPLASER_B\EXTINCION\30METROS_VISION\BANDEROLA\EX04BN30M.dwg
628bddd5-5a07-43c2-b488-507cc345227a;EX04L;IMPLASER_A;EXTINCION;10METROS_VISION;PLANA;210;210;True;Boca Incendio;IMPLASER_A\EXTINCION\10METROS_VISION\PLANA\EX04L.png;IMPLASER_A\EXTINCION\10METROS_VISION\PLANA\EX04L.dwg
05dadcb2-0616-41a0-9948-1662183dfa41;EX04L20M;IMPLASER_A;EXTINCION;20METROS_VISION;PLANA;420;420;True;Boca Incendio 20m;IMPLASER_A\EXTINCION\20METROS_VISION\PLANA\EX04L20M.png;IMPLASER_A\EXTINCION\20METROS_VISION\PLANA\EX04L20M.dwg
53b844c6-9ee5-4315-8c2f-c65ca0f4dacc;EX04L30M;IMPLASER_A;EXTINCION;30METROS_VISION;PLANA;594;594;False;Boca Incendio 30m;IMPLASER_A\EXTINCION\30METROS_VISION\PLANA\EX04L30M.png;IMPLASER_A\EXTINCION\30METROS_VISION\PLANA\EX04L30M.dwg
ec09a6f1-1d4f-417f-96a7-5faa1a5dd51d;EX04LEX09L;IMPLASER_A;EXTINCION;10METROS_VISION;SEÑAL_CONJUNTO;0;0;True;BIE + Pulsador;IMPLASER_A\EXTINCION\10METROS_VISION\SEÑAL_CONJUNTO\EX04LEX09L.png;IMPLASER_A\EXTINCION\10METROS_VISION\SEÑAL_CONJUNTO\EX04LEX09L.dwg
4a47abfa-8366-4102-8873-9d0342cff418;EX04N;IMPLASER_B;EXTINCION;10METROS_VISION;PLANA;210;297;True;Boca Incendio;IMPLASER_B\EXTINCION\10METROS_VISION\PLANA\EX04N.png;IMPLASER_B\EXTINCION\10METROS_VISION\PLANA\EX04N.dwg
77d5d317-0ff3-4909-989c-51ef51aa499b;EX04N20M;IMPLASER_B;EXTINCION;20METROS_VISION;PLANA;420;420;True;Boca Incendio 20m;IMPLASER_B\EXTINCION\20METROS_VISION\PLANA\EX04N20M.png;IMPLASER_B\EXTINCION\20METROS_VISION\PLANA\EX04N20M.dwg
5504da0a-1214-4c4e-a1b3-b0ad919ef7ca;EX04N30M;IMPLASER_B;EXTINCION;30METROS_VISION;PLANA;594;594;False;Boca Incendio 30m;IMPLASER_B\EXTINCION\30METROS_VISION\PLANA\EX04N30M.png;IMPLASER_B\EXTINCION\30METROS_VISION\PLANA\EX04N30M.dwg
0fa9676b-8c54-42de-ace8-e163d09ab39c;EX04NEX09N;IMPLASER_B;EXTINCION;10METROS_VISION;SEÑAL_CONJUNTO;0;0;True;BIE + Pulsador;IMPLASER_B\EXTINCION\10METROS_VISION\SEÑAL_CONJUNTO\EX04NEX09N.png;IMPLASER_B\EXTINCION\10METROS_VISION\SEÑAL_CONJUNTO\EX04NEX09N.dwg
12163129-dd86-4784-9ed3-6b6a0f78c13b;EX04PL;IMPLASER_A;EXTINCION;10METROS_VISION;PANORAMICA;210;210;True;Boca Incendio;IMPLASER_A\EXTINCION\10METROS_VISION\PANORAMICA\EX04PL.png;IMPLASER_A\EXTINCION\10METROS_VISION\PANORAMICA\EX04PL.dwg
0ad869d1-9d93-40bd-a5c5-276bbae2e298;EX04PL20M;IMPLASER_A;EXTINCION;20METROS_VISION;PANORAMICA;420;420;False;Boca Incendio 20m;IMPLASER_A\EXTINCION\20METROS_VISION\PANORAMICA\EX04PL20M.png;IMPLASER_A\EXTINCION\20METROS_VISION\PANORAMICA\EX04PL20M.dwg
b541dba5-cd67-417a-83ce-6d22b4395545;EX04PL30M;IMPLASER_A;EXTINCION;30METROS_VISION;PANORAMICA;594;594;False;Boca Incendio 30m;IMPLASER_A\EXTINCION\30METROS_VISION\PANORAMICA\EX04PL30M.png;IMPLASER_A\EXTINCION\30METROS_VISION\PANORAMICA\EX04PL30M.dwg
51260d3b-c2c3-4059-beec-5c3f12b16a5a;EX04PN;IMPLASER_B;EXTINCION;10METROS_VISION;PANORAMICA;210;297;True;Boca Incendio;IMPLASER_B\EXTINCION\10METROS_VISION\PANORAMICA\EX04PN.png;IMPLASER_B\EXTINCION\10METROS_VISION\PANORAMICA\EX04PN.dwg
3e1a2482-8e2e-4b75-8b9f-0cfda96ba3d4;EX04PN20M;IMPLASER_B;EXTINCION;20METROS_VISION;PANORAMICA;420;420;False;Boca Incendio 20m;IMPLASER_B\EXTINCION\20METROS_VISION\PANORAMICA\EX04PN20M.png;IMPLASER_B\EXTINCION\20METROS_VISION\PANORAMICA\EX04PN20M.dwg
083d0026-16a5-409a-a2a7-e3b2e9edbce9;EX04PN30M;IMPLASER_B;EXTINCION;30METROS_VISION;PANORAMICA;594;594;False;Boca Incendio 30m;IMPLASER_B\EXTINCION\30METROS_VISION\PANORAMICA\EX04PN30M.png;IMPLASER_B\EXTINCION\30METROS_VISION\PANORAMICA\EX04PN30M.dwg
5f03ee09-973c-4b04-adf6-511770135bbb;EX05N;IMPLASER_B;EXTINCION;10METROS_VISION;PLANA;210;297;True;Boca Incendio Flecha Dcha;IMPLASER_B\EXTINCION\10METROS_VISION\PLANA\EX05N.png;IMPLASER_B\EXTINCION\10METROS_VISION\PLANA\EX05N.dwg
8457af94-dcb9-4a26-8852-84f92d8998d7;EX06N;IMPLASER_B;EXTINCION;10METROS_VISION;PLANA;210;297;True;Boca Incendio Flecha Izq;IMPLASER_B\EXTINCION\10METROS_VISION\PLANA\EX06N.png;IMPLASER_B\EXTINCION\10METROS_VISION\PLANA\EX06N.dwg
0eaaa21b-1275-4eed-b729-101be9c77a6b;EX07BL;IMPLASER_A;EXTINCION;10METROS_VISION;BANDEROLA;210;210;False;Carro Extintor;IMPLASER_A\EXTINCION\10METROS_VISION\BANDEROLA\EX07BL.png;IMPLASER_A\EXTINCION\10METROS_VISION\BANDEROLA\EX07BL.dwg
7aea0f44-1d4f-4025-a904-9c4795d2ef42;EX07BL20M;IMPLASER_A;EXTINCION;20METROS_VISION;BANDEROLA;420;420;False;Carro Extintor 20m;IMPLASER_A\EXTINCION\20METROS_VISION\BANDEROLA\EX07BL20M.png;IMPLASER_A\EXTINCION\20METROS_VISION\BANDEROLA\EX07BL20M.dwg
2e3e4ed5-0f5e-4b68-bd69-3cb802f33683;EX07BL30M;IMPLASER_A;EXTINCION;30METROS_VISION;BANDEROLA;594;594;False;Carro Extintor 30m;IMPLASER_A\EXTINCION\30METROS_VISION\BANDEROLA\EX07BL30M.png;IMPLASER_A\EXTINCION\30METROS_VISION\BANDEROLA\EX07BL30M.dwg
71e68154-1dad-4457-ba6e-5ba563592685;EX07BN;IMPLASER_B;EXTINCION;10METROS_VISION;BANDEROLA;210;297;False;Carro Extintor;IMPLASER_B\EXTINCION\10METROS_VISION\BANDEROLA\EX07BN.png;IMPLASER_B\EXTINCION\10METROS_VISION\BANDEROLA\EX07BN.dwg
9b1a2b41-5c9c-4b34-826b-6ba102c83bc5;EX07BN20M;IMPLASER_B;EXTINCION;20METROS_VISION;BANDEROLA;297;420;False;Carro Extintor 20m;IMPLASER_B\EXTINCION\20METROS_VISION\BANDEROLA\EX07BN20M.png;IMPLASER_B\EXTINCION\20METROS_VISION\BANDEROLA\EX07BN20M.dwg
e3c22c25-db21-4014-a1e7-7a98c1828b69;EX07BN30M;IMPLASER_B;EXTINCION;30METROS_VISION;BANDEROLA;594;594;False;Carro Extintor 30m;IMPLASER_B\EXTINCION\30METROS_VISION\BANDEROLA\EX07BN30M.png;IMPLASER_B\EXTINCION\30METROS_VISION\BANDEROLA\EX07BN30M.dwg
9ed6cc00-6b96-490b-b002-d848e4a2286b;EX07L;IMPLASER_A;EXTINCION;10METROS_VISION;PLANA;210;210;True;Carro Extintor;IMPLASER_A\EXTINCION\10METROS_VISION\PLANA\EX07L.png;IMPLASER_A\EXTINCION\10METROS_VISION\PLANA\EX07L.dwg
b06e38f9-b091-47df-9b00-ed71f413ddc4;EX07L20M;IMPLASER_A;EXTINCION;20METROS_VISION;PLANA;420;420;True;Carro extintor 20m;IMPLASER_A\EXTINCION\20METROS_VISION\PLANA\EX07L20M.png;IMPLASER_A\EXTINCION\20METROS_VISION\PLANA\EX07L20M.dwg
e815c1a5-ac45-4a75-9070-9fca3b3ee050;EX07L30M;IMPLASER_A;EXTINCION;30METROS_VISION;PLANA;420;594;False;Carro Extintor 30m;IMPLASER_A\EXTINCION\30METROS_VISION\PLANA\EX07L30M.png;IMPLASER_A\EXTINCION\30METROS_VISION\PLANA\EX07L30M.dwg
4457d429-3176-4368-a92b-489726e1977c;EX07N;IMPLASER_B;EXTINCION;10METROS_VISION;PLANA;210;297;True;Carro Extintor;IMPLASER_B\EXTINCION\10METROS_VISION\PLANA\EX07N.png;IMPLASER_B\EXTINCION\10METROS_VISION\PLANA\EX07N.dwg
f1f21a7d-b7df-4fcf-b839-71efbc3559c2;EX07N20M;IMPLASER_B;EXTINCION;20METROS_VISION;PLANA;297;420;False;Carro Extintor 20m;IMPLASER_B\EXTINCION\20METROS_VISION\PLANA\EX07N20M.png;IMPLASER_B\EXTINCION\20METROS_VISION\PLANA\EX07N20M.dwg
c92a3188-d5df-4bed-8e01-271e5f217ce8;EX07N30M;IMPLASER_B;EXTINCION;30METROS_VISION;PLANA;420;594;False;Carro Extintor 30m;IMPLASER_B\EXTINCION\30METROS_VISION\PLANA\EX07N30M.png;IMPLASER_B\EXTINCION\30METROS_VISION\PLANA\EX07N30M.dwg
dea14e00-1ac7-4e63-9e62-e9c11fa51392;EX07PL;IMPLASER_A;EXTINCION;10METROS_VISION;PANORAMICA;210;210;False;Carro Extintor;IMPLASER_A\EXTINCION\10METROS_VISION\PANORAMICA\EX07PL.png;IMPLASER_A\EXTINCION\10METROS_VISION\PANORAMICA\EX07PL.dwg
30faab09-cf5e-41cf-808d-4d798db61174;EX07PL20M;IMPLASER_A;EXTINCION;20METROS_VISION;PANORAMICA;420;420;False;Carro Extintor 20m;IMPLASER_A\EXTINCION\20METROS_VISION\PANORAMICA\EX07PL20M.png;IMPLASER_A\EXTINCION\20METROS_VISION\PANORAMICA\EX07PL20M.dwg
3833a51e-e236-4593-8150-174a86bdf29b;EX07PL30M;IMPLASER_A;EXTINCION;30METROS_VISION;PANORAMICA;594;594;False;Carro Extintor 30m;IMPLASER_A\EXTINCION\30METROS_VISION\PANORAMICA\EX07PL30M.png;IMPLASER_A\EXTINCION\30METROS_VISION\PANORAMICA\EX07PL30M.dwg
66ed41d1-bd67-476b-b016-645ca0df6286;EX07PN;IMPLASER_B;EXTINCION;10METROS_VISION;PANORAMICA;210;297;False;Carro Extintor;IMPLASER_B\EXTINCION\10METROS_VISION\PANORAMICA\EX07PN.png;IMPLASER_B\EXTINCION\10METROS_VISION\PANORAMICA\EX07PN.dwg
2e71b43d-b05a-43a4-8756-04816c291d93;EX07PN20M;IMPLASER_B;EXTINCION;20METROS_VISION;PANORAMICA;420;420;False;Carro Extintor 20m;IMPLASER_B\EXTINCION\20METROS_VISION\PANORAMICA\EX07PN20M.png;IMPLASER_B\EXTINCION\20METROS_VISION\PANORAMICA\EX07PN20M.dwg
65b5b389-9f87-4273-9a4a-f4fad2ebf613;EX07PN30M;IMPLASER_B;EXTINCION;30METROS_VISION;PANORAMICA;594;594;False;Carro Extintor 30m;IMPLASER_B\EXTINCION\30METROS_VISION\PANORAMICA\EX07PN30M.png;IMPLASER_B\EXTINCION\30METROS_VISION\PANORAMICA\EX07PN30M.dwg
51c1cbcf-397b-42ef-93ea-432cfcc7f411;EX08BN;IMPLASER_B;EXTINCION;10METROS_VISION;BANDEROLA;210;297;False;Escalera de Incendios;IMPLASER_B\EXTINCION\10METROS_VISION\BANDEROLA\EX08BN.png;IMPLASER_B\EXTINCION\10METROS_VISION\BANDEROLA\EX08BN.dwg
8aa290e1-aad3-42d5-92c3-8bf4c4cbf4c8;EX08N;IMPLASER_B;EXTINCION;10METROS_VISION;PLANA;210;297;True;Escalera de Incendios;IMPLASER_B\EXTINCION\10METROS_VISION\PLANA\EX08N.png;IMPLASER_B\EXTINCION\10METROS_VISION\PLANA\EX08N.dwg
7eabbdcd-83ae-4bf2-8f0c-c9a63f1d9b59;EX08PN;IMPLASER_B;EXTINCION;10METROS_VISION;PANORAMICA;210;297;False;Escalera de Incendios;IMPLASER_B\EXTINCION\10METROS_VISION\PANORAMICA\EX08PN.png;IMPLASER_B\EXTINCION\10METROS_VISION\PANORAMICA\EX08PN.dwg
8e6a0838-8727-4181-a58f-aa4cdf453001;EX09BL;IMPLASER_A;EXTINCION;10METROS_VISION;BANDEROLA;210;210;True;Pulsador;IMPLASER_A\EXTINCION\10METROS_VISION\BANDEROLA\EX09BL.png;IMPLASER_A\EXTINCION\10METROS_VISION\BANDEROLA\EX09BL.dwg
59c48e3a-e698-46de-8db9-5649cb4ddaa4;EX09BL20M;IMPLASER_A;EXTINCION;20METROS_VISION;BANDEROLA;420;420;False;Pulsador 20m;IMPLASER_A\EXTINCION\20METROS_VISION\BANDEROLA\EX09BL20M.png;IMPLASER_A\EXTINCION\20METROS_VISION\BANDEROLA\EX09BL20M.dwg
f9461cc4-6565-4c6f-bcb4-ab6ca1a4d063;EX09BL30M;IMPLASER_A;EXTINCION;30METROS_VISION;BANDEROLA;594;594;False;Pulsador 30m;IMPLASER_A\EXTINCION\30METROS_VISION\BANDEROLA\EX09BL30M.png;IMPLASER_A\EXTINCION\30METROS_VISION\BANDEROLA\EX09BL30M.dwg
ded1c87e-6a74-495a-a6df-202d08294d9a;EX09BN;IMPLASER_B;EXTINCION;10METROS_VISION;BANDEROLA;210;297;True;Pulsador;IMPLASER_B\EXTINCION\10METROS_VISION\BANDEROLA\EX09BN.png;IMPLASER_B\EXTINCION\10METROS_VISION\BANDEROLA\EX09BN.dwg
9271497c-2468-4c06-810d-490b5be13b9b;EX09BN20M;IMPLASER_B;EXTINCION;20METROS_VISION;BANDEROLA;420;420;False;Pulsador 20m;IMPLASER_B\EXTINCION\20METROS_VISION\BANDEROLA\EX09BN20M.png;IMPLASER_B\EXTINCION\20METROS_VISION\BANDEROLA\EX09BN20M.dwg
e6435e5a-4f8d-43f4-b181-96a6932048e8;EX09BN30M;IMPLASER_B;EXTINCION;30METROS_VISION;BANDEROLA;594;594;False;Pulsador 30m;IMPLASER_B\EXTINCION\30METROS_VISION\BANDEROLA\EX09BN30M.png;IMPLASER_B\EXTINCION\30METROS_VISION\BANDEROLA\EX09BN30M.dwg
b33ed693-a14e-4687-b65b-1d2e5a809a62;EX09L;IMPLASER_A;EXTINCION;10METROS_VISION;PLANA;210;210;True;Pulsador;IMPLASER_A\EXTINCION\10METROS_VISION\PLANA\EX09L.png;IMPLASER_A\EXTINCION\10METROS_VISION\PLANA\EX09L.dwg
8b2f5c32-820d-4ccc-b8f7-dbfe3be3a06d;EX09L20M;IMPLASER_A;EXTINCION;20METROS_VISION;PLANA;420;420;True;Pulsador 20m;IMPLASER_A\EXTINCION\20METROS_VISION\PLANA\EX09L20M.png;IMPLASER_A\EXTINCION\20METROS_VISION\PLANA\EX09L20M.dwg
5897bf2e-7626-41e8-9dde-d8b1a9b4c5df;EX09L30M;IMPLASER_A;EXTINCION;30METROS_VISION;PLANA;594;594;False;Pulsador 30m;IMPLASER_A\EXTINCION\30METROS_VISION\PLANA\EX09L30M.png;IMPLASER_A\EXTINCION\30METROS_VISION\PLANA\EX09L30M.dwg
e957d933-c9b0-49b7-a69c-2a145133c7c9;EX09N;IMPLASER_B;EXTINCION;10METROS_VISION;PLANA;210;297;True;Pulsador;IMPLASER_B\EXTINCION\10METROS_VISION\PLANA\EX09N.png;IMPLASER_B\EXTINCION\10METROS_VISION\PLANA\EX09N.dwg
fdfac5f1-62fe-46ed-8311-067b7cabc6f3;EX09N20M;IMPLASER_B;EXTINCION;20METROS_VISION;PLANA;420;420;True;Pulsador 20m;IMPLASER_B\EXTINCION\20METROS_VISION\PLANA\EX09N20M.png;IMPLASER_B\EXTINCION\20METROS_VISION\PLANA\EX09N20M.dwg
99ab68a0-9285-49f5-a916-e9d059e0a36b;EX09N30M;IMPLASER_B;EXTINCION;30METROS_VISION;PLANA;594;594;False;Pulsador 30m;IMPLASER_B\EXTINCION\30METROS_VISION\PLANA\EX09N30M.png;IMPLASER_B\EXTINCION\30METROS_VISION\PLANA\EX09N30M.dwg
1fc30afb-f530-4ee9-a260-1a957de2b144;EX09PL;IMPLASER_A;EXTINCION;10METROS_VISION;PANORAMICA;210;210;True;Pulsador;IMPLASER_A\EXTINCION\10METROS_VISION\PANORAMICA\EX09PL.png;IMPLASER_A\EXTINCION\10METROS_VISION\PANORAMICA\EX09PL.dwg
6a462733-7f30-4a86-8e4d-f2fae30340a9;EX09PL20M;IMPLASER_A;EXTINCION;20METROS_VISION;PANORAMICA;420;420;False;Pulsador 20m;IMPLASER_A\EXTINCION\20METROS_VISION\PANORAMICA\EX09PL20M.png;IMPLASER_A\EXTINCION\20METROS_VISION\PANORAMICA\EX09PL20M.dwg
4c156b30-532c-460e-9f1e-8eadf15e0944;EX09PL30M;IMPLASER_A;EXTINCION;30METROS_VISION;PANORAMICA;594;594;False;Pulsador 30m;IMPLASER_A\EXTINCION\30METROS_VISION\PANORAMICA\EX09PL30M.png;IMPLASER_A\EXTINCION\30METROS_VISION\PANORAMICA\EX09PL30M.dwg
ee97d2d9-48dc-4cdc-afbc-c4d2c99ab6e0;EX09PN;IMPLASER_B;EXTINCION;10METROS_VISION;PANORAMICA;210;297;True;Pulsador;IMPLASER_B\EXTINCION\10METROS_VISION\PANORAMICA\EX09PN.png;IMPLASER_B\EXTINCION\10METROS_VISION\PANORAMICA\EX09PN.dwg
17597da1-82c3-4b58-8ae1-30e3b7b4458c;EX09PN20M;IMPLASER_B;EXTINCION;20METROS_VISION;PANORAMICA;420;420;False;Pulsador 20m;IMPLASER_B\EXTINCION\20METROS_VISION\PANORAMICA\EX09PN20M.png;IMPLASER_B\EXTINCION\20METROS_VISION\PANORAMICA\EX09PN20M.dwg
2a345978-a42c-4413-913a-42c037aed731;EX09PN30M;IMPLASER_B;EXTINCION;30METROS_VISION;PANORAMICA;594;594;False;Pulsador 30m;IMPLASER_B\EXTINCION\30METROS_VISION\PANORAMICA\EX09PN30M.png;IMPLASER_B\EXTINCION\30METROS_VISION\PANORAMICA\EX09PN30M.dwg
7a4c1849-64d4-4244-8be2-44a114f68840;EX10BN;IMPLASER_B;EXTINCION;10METROS_VISION;BANDEROLA;210;297;False;Manta Apagafuegos;IMPLASER_B\EXTINCION\10METROS_VISION\BANDEROLA\EX10BN.png;IMPLASER_B\EXTINCION\10METROS_VISION\BANDEROLA\EX10BN.dwg
fa0be864-7a62-40e7-8b0e-993f6a0a56d8;EX10N;IMPLASER_B;EXTINCION;10METROS_VISION;PLANA;210;297;True;Manta Apagafuegos;IMPLASER_B\EXTINCION\10METROS_VISION\PLANA\EX10N.png;IMPLASER_B\EXTINCION\10METROS_VISION\PLANA\EX10N.dwg
dfb7fc43-735c-432c-9720-f9bbaed14de7;EX10PN;IMPLASER_B;EXTINCION;10METROS_VISION;PANORAMICA;210;297;False;Manta Apagafuegos;IMPLASER_B\EXTINCION\10METROS_VISION\PANORAMICA\EX10PN.png;IMPLASER_B\EXTINCION\10METROS_VISION\PANORAMICA\EX10PN.dwg
816de5fc-a056-4937-abbb-ae300b143ce0;EX11BN;IMPLASER_B;EXTINCION;10METROS_VISION;BANDEROLA;210;297;False;Hidrante;IMPLASER_B\EXTINCION\10METROS_VISION\BANDEROLA\EX11BN.png;IMPLASER_B\EXTINCION\10METROS_VISION\BANDEROLA\EX11BN.dwg
a37d6267-49d0-4120-ae48-9e55fead698d;EX11N;IMPLASER_B;EXTINCION;10METROS_VISION;PLANA;210;297;True;Hidrante;IMPLASER_B\EXTINCION\10METROS_VISION\PLANA\EX11N.png;IMPLASER_B\EXTINCION\10METROS_VISION\PLANA\EX11N.dwg
8d9829e8-be5f-4def-9d77-6a8c9fc0bc0f;EX11PN;IMPLASER_B;EXTINCION;10METROS_VISION;PANORAMICA;210;297;False;Hidrante;IMPLASER_B\EXTINCION\10METROS_VISION\PANORAMICA\EX11PN.png;IMPLASER_B\EXTINCION\10METROS_VISION\PANORAMICA\EX11PN.dwg
e3c2d9be-6f9f-4b77-98d1-5edaad43f949;EX12BL;IMPLASER_A;EXTINCION;10METROS_VISION;BANDEROLA;210;210;False;Telefono de Emergencia;IMPLASER_A\EXTINCION\10METROS_VISION\BANDEROLA\EX12BL.png;IMPLASER_A\EXTINCION\10METROS_VISION\BANDEROLA\EX12BL.dwg
16be007b-4eb0-4e32-b230-9c539c3c8d5a;EX12BN;IMPLASER_B;EXTINCION;10METROS_VISION;BANDEROLA;210;297;True;Telefono de Emergencia;IMPLASER_B\EXTINCION\10METROS_VISION\BANDEROLA\EX12BN.png;IMPLASER_B\EXTINCION\10METROS_VISION\BANDEROLA\EX12BN.dwg
3e24f473-fd48-4fa3-b763-b1412bf0f8e1;EX12L;IMPLASER_A;EXTINCION;10METROS_VISION;PLANA;210;210;False;Telefono de Emergencia;IMPLASER_A\EXTINCION\10METROS_VISION\PLANA\EX12L.png;IMPLASER_A\EXTINCION\10METROS_VISION\PLANA\EX12L.dwg
98f09078-cc9d-4331-837f-8a7453f822f3;EX12N;IMPLASER_B;EXTINCION;10METROS_VISION;PLANA;210;297;True;Telefono de Emergencia;IMPLASER_B\EXTINCION\10METROS_VISION\PLANA\EX12N.png;IMPLASER_B\EXTINCION\10METROS_VISION\PLANA\EX12N.dwg
58bfc795-e003-4e34-aece-b99c1e317a0e;EX12PL;IMPLASER_A;EXTINCION;10METROS_VISION;PANORAMICA;210;210;False;Telefono;IMPLASER_A\EXTINCION\10METROS_VISION\PANORAMICA\EX12PL.png;IMPLASER_A\EXTINCION\10METROS_VISION\PANORAMICA\EX12PL.dwg
2fe09a78-4f97-4b7d-b2a6-da77d7ae4d6c;EX12PN;IMPLASER_B;EXTINCION;10METROS_VISION;PANORAMICA;210;297;False;Telefono Emergencia;IMPLASER_B\EXTINCION\10METROS_VISION\PANORAMICA\EX12PN.png;IMPLASER_B\EXTINCION\10METROS_VISION\PANORAMICA\EX12PN.dwg
ed9e7730-dba5-498a-b8e8-6428e54911b1;EX13BL;IMPLASER_A;EXTINCION;10METROS_VISION;BANDEROLA;210;210;False;Avisador Sonoro;IMPLASER_A\EXTINCION\10METROS_VISION\BANDEROLA\EX13BL.png;IMPLASER_A\EXTINCION\10METROS_VISION\BANDEROLA\EX13BL.dwg
e96c0821-acfc-4c36-bbda-ae6834eea873;EX13BN;IMPLASER_B;EXTINCION;10METROS_VISION;BANDEROLA;210;297;False;Avisador Sonoro;IMPLASER_B\EXTINCION\10METROS_VISION\BANDEROLA\EX13BN.png;IMPLASER_B\EXTINCION\10METROS_VISION\BANDEROLA\EX13BN.dwg
d38f4624-5b86-426e-af17-68a716dbdd5f;EX13L;IMPLASER_A;EXTINCION;10METROS_VISION;PLANA;210;210;True;Avisador Sonoro;IMPLASER_A\EXTINCION\10METROS_VISION\PLANA\EX13L.png;IMPLASER_A\EXTINCION\10METROS_VISION\PLANA\EX13L.dwg
f44ee58e-69eb-47f1-8167-01511398bf4c;EX13N;IMPLASER_B;EXTINCION;10METROS_VISION;PLANA;210;297;True;Avisador Sonoro;IMPLASER_B\EXTINCION\10METROS_VISION\PLANA\EX13N.png;IMPLASER_B\EXTINCION\10METROS_VISION\PLANA\EX13N.dwg
9c114fde-8ece-44d4-b2c8-4c3b9cf94174;EX13PL;IMPLASER_A;EXTINCION;10METROS_VISION;PANORAMICA;210;210;False;Avisador Sonoro;IMPLASER_A\EXTINCION\10METROS_VISION\PANORAMICA\EX13PL.png;IMPLASER_A\EXTINCION\10METROS_VISION\PANORAMICA\EX13PL.dwg
2be16320-a985-4a54-b14b-6c0e598518f6;EX13PN;IMPLASER_B;EXTINCION;10METROS_VISION;PANORAMICA;210;297;False;Avisador Sonoro;IMPLASER_B\EXTINCION\10METROS_VISION\PANORAMICA\EX13PN.png;IMPLASER_B\EXTINCION\10METROS_VISION\PANORAMICA\EX13PN.dwg
bbe3277b-3ea7-4573-b5a8-d302bc0726f6;EX14N;IMPLASER_B;EXTINCION;10METROS_VISION;PLANA;210;297;True;Equipo Autonomo Respiracion;IMPLASER_B\EXTINCION\10METROS_VISION\PLANA\EX14N.png;IMPLASER_B\EXTINCION\10METROS_VISION\PLANA\EX14N.dwg
f505a75f-13bc-4a13-bb4d-b1cc151ba8ab;EX15BN;IMPLASER_B;EXTINCION;10METROS_VISION;BANDEROLA;210;297;False;Equipo de Lucha contra Incendios;IMPLASER_B\EXTINCION\10METROS_VISION\BANDEROLA\EX15BN.png;IMPLASER_B\EXTINCION\10METROS_VISION\BANDEROLA\EX15BN.dwg
2c4f803c-21e1-472c-adb1-fc2f5a64b234;EX15N;IMPLASER_B;EXTINCION;10METROS_VISION;PLANA;210;297;True;Equipo de Lucha contra Incendios;IMPLASER_B\EXTINCION\10METROS_VISION\PLANA\EX15N.png;IMPLASER_B\EXTINCION\10METROS_VISION\PLANA\EX15N.dwg
d765a887-4520-4c21-9d19-6a6a911043f2;EX15PN;IMPLASER_B;EXTINCION;10METROS_VISION;PANORAMICA;210;297;False;Equipo de Lucha contra Incendios;IMPLASER_B\EXTINCION\10METROS_VISION\PANORAMICA\EX15PN.png;IMPLASER_B\EXTINCION\10METROS_VISION\PANORAMICA\EX15PN.dwg
97af361e-c001-48ee-815e-7c18b348c73b;EX16L;IMPLASER_A;EXTINCION;10METROS_VISION;PLANA;210;210;True;Flecha;IMPLASER_A\EXTINCION\10METROS_VISION\PLANA\EX16L.png;IMPLASER_A\EXTINCION\10METROS_VISION\PLANA\EX16L.dwg
95b361e0-e043-4c4d-8756-54b393297d4c;EX18N;IMPLASER_B;EXTINCION;10METROS_VISION;PLANA;210;297;True;Uso Exclusivo Bomberos;IMPLASER_B\EXTINCION\10METROS_VISION\PLANA\EX18N.png;IMPLASER_B\EXTINCION\10METROS_VISION\PLANA\EX18N.dwg
1e4069c7-0847-4201-ad82-c0ec80126cd1;EX19N;IMPLASER_B;EXTINCION;10METROS_VISION;PLANA;210;297;True;Extintos CO2;IMPLASER_B\EXTINCION\10METROS_VISION\PLANA\EX19N.png;IMPLASER_B\EXTINCION\10METROS_VISION\PLANA\EX19N.dwg
da2c57fe-b70b-43e8-8ebd-ab2a7d588c6f;EX20BL;IMPLASER_A;EXTINCION;10METROS_VISION;BANDEROLA;210;210;False;Extintor con flecha;IMPLASER_A\EXTINCION\10METROS_VISION\BANDEROLA\EX20BL.png;IMPLASER_A\EXTINCION\10METROS_VISION\BANDEROLA\EX20BL.dwg
1ac1a55c-1878-4a20-b7bd-e30392175df1;EX20L;IMPLASER_A;EXTINCION;10METROS_VISION;PLANA;210;210;True;Extintor Flecha Abajo;IMPLASER_A\EXTINCION\10METROS_VISION\PLANA\EX20L.png;IMPLASER_A\EXTINCION\10METROS_VISION\PLANA\EX20L.dwg
984960bf-86ca-48fe-a156-faa3d24abbb5;EX20N;IMPLASER_B;EXTINCION;10METROS_VISION;PLANA;210;297;True;Extintor Flecha Abajo;IMPLASER_B\EXTINCION\10METROS_VISION\PLANA\EX20N.png;IMPLASER_B\EXTINCION\10METROS_VISION\PLANA\EX20N.dwg
20f7e899-1d0a-43d4-8b67-c6fac2064e39;EX20PL;IMPLASER_A;EXTINCION;10METROS_VISION;PANORAMICA;210;210;True;Extintor Flecha Abajo;IMPLASER_A\EXTINCION\10METROS_VISION\PANORAMICA\EX20PL.png;IMPLASER_A\EXTINCION\10METROS_VISION\PANORAMICA\EX20PL.dwg
a5c1c711-ea68-4ec0-be54-c654aa3fd1ee;EX21L;IMPLASER_A;EXTINCION;10METROS_VISION;PLANA;150;210;True;No utilicen en caso de Emergencia;IMPLASER_A\EXTINCION\10METROS_VISION\PLANA\EX21L.png;IMPLASER_A\EXTINCION\10METROS_VISION\PLANA\EX21L.dwg
17473ee4-f18b-4533-8e29-668ffa7a39a9;EX21LA5;IMPLASER_A;EXTINCION;10METROS_VISION;PLANA;150;210;True;Prohibido uso ascensor;IMPLASER_A\EXTINCION\10METROS_VISION\PLANA\EX21LA5.png;IMPLASER_A\EXTINCION\10METROS_VISION\PLANA\EX21LA5.dwg
25c01610-57dd-4004-ad2c-35e2b14a06d4;EX21N;IMPLASER_B;EXTINCION;10METROS_VISION;PLANA;210;297;True;Prohibido uso ascensor;IMPLASER_B\EXTINCION\10METROS_VISION\PLANA\EX21N.png;IMPLASER_B\EXTINCION\10METROS_VISION\PLANA\EX21N.dwg
ab7c3d91-1950-4ecf-b31e-0d0dcc4cfa7d;EX21NA5;IMPLASER_B;EXTINCION;10METROS_VISION;PLANA;150;210;True;Prohibido uso ascensor;IMPLASER_B\EXTINCION\10METROS_VISION\PLANA\EX21NA5.png;IMPLASER_B\EXTINCION\10METROS_VISION\PLANA\EX21NA5.dwg
257c7ac8-531d-429b-a82a-c504ab336fb1;EX22L;IMPLASER_A;EXTINCION;10METROS_VISION;PLANA;297;150;True;Sin Salida;IMPLASER_A\EXTINCION\10METROS_VISION\PLANA\EX22L.png;IMPLASER_A\EXTINCION\10METROS_VISION\PLANA\EX22L.dwg
2c2a001e-a423-49f4-a6b1-4ba06ba30c9f;EX22N;IMPLASER_B;EXTINCION;10METROS_VISION;PLANA;297;150;True;Sin Salida;IMPLASER_B\EXTINCION\10METROS_VISION\PLANA\EX22N.png;IMPLASER_B\EXTINCION\10METROS_VISION\PLANA\EX22N.dwg
78e1ad8d-ea52-4ef8-9987-7c25df427fee;EX23N;IMPLASER_B;EXTINCION;10METROS_VISION;PLANA;297;150;True;No Exit;IMPLASER_B\EXTINCION\10METROS_VISION\PLANA\EX23N.png;IMPLASER_B\EXTINCION\10METROS_VISION\PLANA\EX23N.dwg
95c57730-6b79-4436-bac0-9ba8b2e669be;EX24BN;IMPLASER_B;EXTINCION;10METROS_VISION;BANDEROLA;210;297;False;Extintor CO2;IMPLASER_B\EXTINCION\10METROS_VISION\BANDEROLA\EX24BN.png;IMPLASER_B\EXTINCION\10METROS_VISION\BANDEROLA\EX24BN.dwg
5eadbf28-9b08-4aa1-8f79-8cb502ad537a;EX24N;IMPLASER_B;EXTINCION;10METROS_VISION;PLANA;210;297;True;Extintor CO2;IMPLASER_B\EXTINCION\10METROS_VISION\PLANA\EX24N.png;IMPLASER_B\EXTINCION\10METROS_VISION\PLANA\EX24N.dwg
1cca6ea9-bcb7-4b80-bcc1-5228bd1db6a3;EX24PN;IMPLASER_B;EXTINCION;10METROS_VISION;PANORAMICA;210;297;False;Extintor CO2;IMPLASER_B\EXTINCION\10METROS_VISION\PANORAMICA\EX24PN.png;IMPLASER_B\EXTINCION\10METROS_VISION\PANORAMICA\EX24PN.dwg
9042540c-f9a5-4f53-a431-0b7a92d2e87b;EX25L;IMPLASER_A;EXTINCION;10METROS_VISION;PLANA;210;210;True;Prohibido pasar;IMPLASER_A\EXTINCION\10METROS_VISION\PLANA\EX25L.png;IMPLASER_A\EXTINCION\10METROS_VISION\PLANA\EX25L.dwg
58f991a0-c3fd-42df-aed3-94530dae48fa;EX25N;IMPLASER_B;EXTINCION;10METROS_VISION;PLANA;210;297;True;Prohibido pasar;IMPLASER_B\EXTINCION\10METROS_VISION\PLANA\EX25N.png;IMPLASER_B\EXTINCION\10METROS_VISION\PLANA\EX25N.dwg
786a8857-192d-430a-8c6a-d22783b9a644;EX27L;IMPLASER_A;EXTINCION;10METROS_VISION;PLANA;150;210;True;Puerta Cortafuegos;IMPLASER_A\EXTINCION\10METROS_VISION\PLANA\EX27L.png;IMPLASER_A\EXTINCION\10METROS_VISION\PLANA\EX27L.dwg
3f78e8cb-b06f-4f59-bc14-d7e0f120eb4e;EX27N;IMPLASER_B;EXTINCION;10METROS_VISION;PLANA;210;297;True;Puerta Cortafuegos;IMPLASER_B\EXTINCION\10METROS_VISION\PLANA\EX27N.png;IMPLASER_B\EXTINCION\10METROS_VISION\PLANA\EX27N.dwg
1ce72018-922e-49dc-9ba1-435474224df4;EX29N;IMPLASER_B;EXTINCION;10METROS_VISION;PLANA;210;297;True;Extintor sin marco;IMPLASER_B\EXTINCION\10METROS_VISION\PLANA\EX29N.png;IMPLASER_B\EXTINCION\10METROS_VISION\PLANA\EX29N.dwg
a6606ef6-226f-4895-8b8b-93f8b1db2c9f;EX30N;IMPLASER_B;EXTINCION;10METROS_VISION;PLANA;210;297;True;Boca Incendio sin marco;IMPLASER_B\EXTINCION\10METROS_VISION\PLANA\EX30N.png;IMPLASER_B\EXTINCION\10METROS_VISION\PLANA\EX30N.dwg
8ea94f5d-2ece-4c5d-9a59-06771499b132;EX31N;IMPLASER_B;EXTINCION;10METROS_VISION;PLANA;210;297;True;Pulsador sin marco;IMPLASER_B\EXTINCION\10METROS_VISION\PLANA\EX31N.png;IMPLASER_B\EXTINCION\10METROS_VISION\PLANA\EX31N.dwg
36af46e4-d3f5-4fa8-b2fc-96986c590c3e;EX38N;IMPLASER_B;EXTINCION;10METROS_VISION;PLANA;297;150;True;Sin Salida sin marco;IMPLASER_B\EXTINCION\10METROS_VISION\PLANA\EX38N.png;IMPLASER_B\EXTINCION\10METROS_VISION\PLANA\EX38N.dwg
16746d93-73f1-4c9d-bf66-8df8f507eab2;EX40L;IMPLASER_A;EXTINCION;10METROS_VISION;PLANA;210;50;True;Flecha;IMPLASER_A\EXTINCION\10METROS_VISION\PLANA\EX40L.png;IMPLASER_A\EXTINCION\10METROS_VISION\PLANA\EX40L.dwg
ead83b71-a35a-4645-b9d4-72131f119e81;EX41L;IMPLASER_A;EXTINCION;10METROS_VISION;PLANA;297;150;True;Prohibido el paso;IMPLASER_A\EXTINCION\10METROS_VISION\PLANA\EX41L.png;IMPLASER_A\EXTINCION\10METROS_VISION\PLANA\EX41L.dwg
7f840b21-43ca-4bb3-b459-c7a224c515c1;EX42L;IMPLASER_A;EXTINCION;10METROS_VISION;PLANA;297;210;True;No utilicen en caso de Emergencia;IMPLASER_A\EXTINCION\10METROS_VISION\PLANA\EX42L.png;IMPLASER_A\EXTINCION\10METROS_VISION\PLANA\EX42L.dwg
1ec2c62e-12dc-47a2-90bc-3e7e04ad283c;EX43L;IMPLASER_A;EXTINCION;10METROS_VISION;PLANA;297;210;True;Equipo contra Incendio;IMPLASER_A\EXTINCION\10METROS_VISION\PLANA\EX43L.png;IMPLASER_A\EXTINCION\10METROS_VISION\PLANA\EX43L.dwg
19dea6d9-a17f-45be-b928-e2647b3a4614;EX44L;IMPLASER_A;EXTINCION;10METROS_VISION;PLANA;210;60;True;Dejar Libre puesto de Manguera;IMPLASER_A\EXTINCION\10METROS_VISION\PLANA\EX44L.png;IMPLASER_A\EXTINCION\10METROS_VISION\PLANA\EX44L.dwg
a178710e-c54b-4c0f-b06e-45a7c053ed9f;EX45L;IMPLASER_A;EXTINCION;10METROS_VISION;PLANA;297;210;True;Uso Exclusivo S.E.;IMPLASER_A\EXTINCION\10METROS_VISION\PLANA\EX45L.png;IMPLASER_A\EXTINCION\10METROS_VISION\PLANA\EX45L.dwg
f963d100-d04c-43e4-bab5-041f3d107c33;EX46L;IMPLASER_A;EXTINCION;10METROS_VISION;PLANA;148;105;True;No utilicen en caso de Emergencia;IMPLASER_A\EXTINCION\10METROS_VISION\PLANA\EX46L.png;IMPLASER_A\EXTINCION\10METROS_VISION\PLANA\EX46L.dwg
2dde6e6e-f34a-497b-ba09-5231e1d4ee26;EX47L;IMPLASER_A;EXTINCION;10METROS_VISION;PLANA;120;80;True;Uso Exclusivo Bomberos;IMPLASER_A\EXTINCION\10METROS_VISION\PLANA\EX47L.png;IMPLASER_A\EXTINCION\10METROS_VISION\PLANA\EX47L.dwg
c90ae771-a5b5-450b-bf8a-4b51ac7acd30;EX48N;IMPLASER_B;EXTINCION;10METROS_VISION;PLANA;250;200;True;Hidrante;IMPLASER_B\EXTINCION\10METROS_VISION\PLANA\EX48N.png;IMPLASER_B\EXTINCION\10METROS_VISION\PLANA\EX48N.dwg
a39e5f62-5f22-4b2b-9857-bffd29d21ab2;EX49N;IMPLASER_B;EXTINCION;10METROS_VISION;PLANA;210;297;True;Columna Seca;IMPLASER_B\EXTINCION\10METROS_VISION\PLANA\EX49N.png;IMPLASER_B\EXTINCION\10METROS_VISION\PLANA\EX49N.dwg
3db34d84-c61d-4b51-8285-7251085cc42b;SIA01L;IMPLASER_A;SIA;10METROS_VISION;PLANA;160;160;True;Accesibilidad Dcha;IMPLASER_A\SIA\SIA01L.png;IMPLASER_A\SIA\SIA01L.dwg
560b3ace-2500-407b-8ec3-8051e5d4d514;SIA01N;IMPLASER_B;SIA;10METROS_VISION;PLANA;160;160;True;Accesibilidad Dcha;IMPLASER_B\SIA\SIA01N.png;IMPLASER_B\SIA\SIA01N.dwg
bb1dee73-4828-4a4d-b78f-0fcf3224786c;SIA02L;IMPLASER_A;SIA;10METROS_VISION;PLANA;160;160;True;Accesibilidad Izq;IMPLASER_A\SIA\SIA02L.png;IMPLASER_A\SIA\SIA02L.dwg
c11461a6-5027-42f6-8495-0678cc686496;SIA02N;IMPLASER_B;SIA;10METROS_VISION;PLANA;160;160;True;Accesibilidad Izq;IMPLASER_B\SIA\SIA02N.png;IMPLASER_B\SIA\SIA02N.dwg
8dadc6fa-14c1-42a1-860c-d0fb46d9281b;SIA03L;IMPLASER_A;SIA;10METROS_VISION;PLANA;320;160;True;Zona Refugio;IMPLASER_A\SIA\SIA03L.png;IMPLASER_A\SIA\SIA03L.dwg
75007124-26e0-4d38-a804-83aba89714b4;SIA03N;IMPLASER_B;SIA;10METROS_VISION;PLANA;320;160;True;Zona Refugio;IMPLASER_B\SIA\SIA03N.png;IMPLASER_B\SIA\SIA03N.dwg
6ba174b8-2e7b-46f2-80f4-ed4e55aa5604;SIA04L;IMPLASER_A;SIA;10METROS_VISION;PLANA;160;160;True;Accesibilidad Dcha Azul;IMPLASER_A\SIA\SIA04L.png;IMPLASER_A\SIA\SIA04L.dwg
41157c68-9d6e-463b-8871-5bb7178066eb;SIA04N;IMPLASER_B;SIA;10METROS_VISION;PLANA;160;160;True;Accesibilidad Dcha Azul;IMPLASER_B\SIA\SIA04N.png;IMPLASER_B\SIA\SIA04N.dwg
cb3058e6-b732-416b-be73-98a623eb9af6;SIA05L;IMPLASER_A;SIA;10METROS_VISION;PLANA;160;160;False;Accesibilidad Izq Azul;IMPLASER_A\SIA\SIA05L.png;IMPLASER_A\SIA\SIA05L.dwg
a03d5b81-0bb0-46ad-9411-1bd49cbaae2f;SIA05N;IMPLASER_B;SIA;10METROS_VISION;PLANA;160;160;False;Accesibilidad Izq Azul;IMPLASER_B\SIA\SIA05N.png;IMPLASER_B\SIA\SIA05N.dwg
53088202-c575-413c-9992-cc77e0a6cdc1;KIT_ESTACION;IMPLASER_A;EVACUACION;10METROS_VISION;PLANA;1500;2000;True;Puerta S.E. en Estación;IMPLASER_A\EVACUACION\10METROS_VISION\PLANA\KIT_ESTACION.png;IMPLASER_A\EVACUACION\10METROS_VISION\PLANA\KIT_ESTACION.dwg
1cda4255-9de3-440c-afa0-7698b5949ebc;KIT_VESTIBULO;IMPLASER_A;EVACUACION;10METROS_VISION;PLANA;1500;2000;True;Puerta S.E en Vestíbulo de independencia;IMPLASER_A\EVACUACION\10METROS_VISION\PLANA\KIT_VESTIBULO.png;IMPLASER_A\EVACUACION\10METROS_VISION\PLANA\KIT_VESTIBULO.dwg
aa852736-1c32-442a-be84-855497c10730;KIT_EXTERIOR;IMPLASER_A;EVACUACION;10METROS_VISION;PLANA;1500;2000;True;Puerta S.E. al Exterior;IMPLASER_A\EVACUACION\10METROS_VISION\PLANA\KIT_EXTERIOR.png;IMPLASER_A\EVACUACION\10METROS_VISION\PLANA\KIT_EXTERIOR.dwg
1762e193-5394-4725-9bec-b3426e77c09d;KIT_TUNEL;IMPLASER_A;EVACUACION;10METROS_VISION;PLANA;4500;2000;True;Puerta S.E. en Túneles;IMPLASER_A\EVACUACION\10METROS_VISION\PLANA\KIT_TUNEL.png;IMPLASER_A\EVACUACION\10METROS_VISION\PLANA\KIT_TUNEL.dwg
